month,coverage_status,workflow_data_source,source_triggering_events,rerun_triggering_events,triggering_events_including_reruns,workflow_runs,workflow_rerun_attempts,linux_runner_minutes,macos_runner_minutes,windows_runner_minutes,other_runner_minutes,linux_minutes_per_source_event,macos_minutes_per_source_event,windows_minutes_per_source_event,other_minutes_per_source_event
2021-10,unavailable,not_available,,,,,,,,,,,,,
2021-11,unavailable,not_available,,,,,,,,,,,,,
2021-12,unavailable,not_available,,,,,,,,,,,,,
2022-01,unavailable,not_available,,,,,,,,,,,,,
2022-02,unavailable,not_available,,,,,,,,,,,,,
2022-03,unavailable,not_available,,,,,,,,,,,,,
2022-04,unavailable,not_available,,,,,,,,,,,,,
2022-05,unavailable,not_available,,,,,,,,,,,,,
2022-06,unavailable,not_available,,,,,,,,,,,,,
2022-07,unavailable,not_available,,,,,,,,,,,,,
2022-08,unavailable,not_available,,,,,,,,,,,,,
2022-09,unavailable,not_available,,,,,,,,,,,,,
2022-10,unavailable,not_available,,,,,,,,,,,,,
2022-11,unavailable,not_available,,,,,,,,,,,,,
2022-12,unavailable,not_available,,,,,,,,,,,,,
2023-01,unavailable,not_available,,,,,,,,,,,,,
2023-02,unavailable,not_available,,,,,,,,,,,,,
2023-03,unavailable,not_available,,,,,,,,,,,,,
2023-04,unavailable,not_available,,,,,,,,,,,,,
2023-05,unavailable,not_available,,,,,,,,,,,,,
2023-06,unavailable,not_available,,,,,,,,,,,,,
2023-07,unavailable,not_available,,,,,,,,,,,,,
2023-08,unavailable,not_available,,,,,,,,,,,,,
2023-09,unavailable,not_available,,,,,,,,,,,,,
2023-10,unavailable,not_available,,,,,,,,,,,,,
2023-11,unavailable,not_available,,,,,,,,,,,,,
2023-12,unavailable,not_available,,,,,,,,,,,,,
2024-01,unavailable,not_available,,,,,,,,,,,,,
2024-02,unavailable,not_available,,,,,,,,,,,,,
2024-03,unavailable,not_available,,,,,,,,,,,,,
2024-04,unavailable,not_available,,,,,,,,,,,,,
2024-05,unavailable,not_available,,,,,,,,,,,,,
2024-06,unavailable,not_available,,,,,,,,,,,,,
2024-07,unavailable,not_available,,,,,,,,,,,,,
2024-08,unavailable,not_available,,,,,,,,,,,,,
2024-09,unavailable,not_available,,,,,,,,,,,,,
2024-10,unavailable,not_available,,,,,,,,,,,,,
2024-11,unavailable,not_available,,,,,,,,,,,,,
2024-12,unavailable,not_available,,,,,,,,,,,,,
2025-01,unavailable,not_available,,,,,,,,,,,,,
2025-02,unavailable,not_available,,,,,,,,,,,,,
2025-03,unavailable,not_available,,,,,,,,,,,,,
2025-04,unavailable,not_available,,,,,,,,,,,,,
2025-05,unavailable,not_available,,,,,,,,,,,,,
2025-06,unavailable,not_available,,,,,,,,,,,,,
2025-07,partial,github_rest_api_cached_in_dolt,3,0,3,3,0,169.2,151.8,220.8,0.0,56.4,50.6,73.6,0.0
2025-08,partial,github_rest_api_cached_in_dolt,30,0,30,32,0,1909.4,1977.9,2551.5,0.0,63.6,65.9,85.1,0.0
2025-09,complete,github_rest_api_cached_in_dolt,28,1,29,32,1,2448.2,2715.4,3290.5,0.0,87.4,97.0,117.5,0.0
2025-10,complete,github_rest_api_cached_in_dolt,40,4,44,47,4,3877.1,4873.1,5435.6,0.0,96.9,121.8,135.9,0.0
2025-11,complete,github_rest_api_cached_in_dolt,14,1,15,18,1,1335.2,1956.7,1934.2,0.0,95.4,139.8,138.2,0.0
2025-12,complete,github_rest_api_cached_in_dolt,32,1,33,35,1,2239.4,2665.3,3426.6,0.0,70.0,83.3,107.1,0.0
2026-01,complete,github_rest_api_cached_in_dolt,20,0,20,23,0,1515.3,1992.1,2329.9,0.0,75.8,99.6,116.5,0.0
2026-02,complete,github_rest_api_cached_in_dolt,35,2,37,44,2,3779.7,4924.2,5317.2,0.0,108.0,140.7,151.9,0.0
2026-03,complete,github_rest_api_cached_in_dolt,33,3,36,41,3,7376.7,4452.2,5708.5,0.0,223.5,134.9,173.0,0.0
2026-04,complete,github_rest_api_cached_in_dolt,36,9,45,47,9,9636.7,5750.5,8992.2,0.0,267.7,159.7,249.8,0.0
2026-05,complete,github_rest_api_cached_in_dolt,25,2,27,29,2,4746.4,2494.4,4784.1,0.0,189.9,99.8,191.4,0.0
2026-06,complete,github_rest_api_cached_in_dolt,32,1,33,35,1,3313.7,2713.3,2584.6,0.0,103.6,84.8,80.8,0.0
2026-07,complete,github_rest_api_cached_in_dolt,49,3,52,55,3,10401.2,4680.6,3392.9,0.0,212.3,95.5,69.2,0.0
2026-08,complete,github_rest_api_cached_in_dolt,50,0,50,54,0,7816.4,2918.5,1804.6,0.0,156.3,58.4,36.1,0.0
2026-09,complete,github_rest_api_cached_in_dolt,87,4,91,95,4,14846.5,6078.8,4077.8,0.0,170.6,69.9,46.9,0.0
