platform,metric,n,p10,p50,p90,mean
linux,job_minutes,442,54.651666666666664,59.43333333333333,72.99833333333333,61.07088989441931
linux,build_step_minutes,214,46.528333333333336,59.81666666666666,73.10666666666665,59.948753894080994
windows,job_minutes,375,8.790000000000001,81.81666666666666,123.56000000000002,70.27626666666667
windows,build_step_minutes,184,2.955,5.283333333333333,155.95833333333334,49.20335144927536
macos,job_minutes,410,45.70166666666667,58.925,70.68,58.82626016260163
macos,build_step_minutes,212,45.16,54.04166666666667,65.73666666666666,54.88616352201258
wasm32,job_minutes,236,44.9,57.35,62.125,56.06045197740113
wasm32,build_step_minutes,183,43.07,55.75,61.10666666666667,54.039890710382515
wasm64,job_minutes,237,46.89,58.3,62.35,57.14894514767933
wasm64,build_step_minutes,183,44.72,57.25,61.233333333333334,55.45054644808743
