years,scenario,component,platform,events_including_reruns,billed_minutes,public_compute_usd,private_equivalent_compute_usd,private_same_label_compute_usd,public_artifact_storage_usd,private_artifact_storage_usd
1,low,validation,linux,805.9,718.2113989637305,0.0,8.618536787564766,4.309268393782383,0,0.0
1,low,linux,linux,805.9,42883.90155440414,0.0,514.6068186528497,257.30340932642486,0,313.9847601948907
1,low,windows,windows,805.9,22051.595336787566,0.0,485.1350974093264,220.51595336787565,0,31.811829202279085
1,low,macos,macos,805.9,39038.13005181347,0.0,2420.3640632124348,2420.3640632124348,0,35.96775410874153
1,low,wasm32,linux,805.9,37964.98860103627,0.0,455.5798632124352,227.7899316062176,0,88.53215142260899
1,low,wasm64,linux,805.9,38841.87461139896,0.0,466.1024953367875,233.05124766839376,0,88.53215142548315
1,low,linux_gpu,linux_gpu,805.9,521.9559585492227,27.141709844559582,27.141709844559582,27.141709844559582,0.0038451243928116,0.0038451243928116
1,mid,validation,linux,893.7,796.4580310880829,0.0,9.557496373056996,4.778748186528498,0,0.0
1,mid,linux,linux,893.7,47555.95336787565,0.0,570.6714404145079,285.3357202072539,0,341.82607298475267
1,mid,windows,windows,893.7,24454.03989637306,0.0,537.9888777202073,244.5403989637306,0,34.632612881998355
1,mid,macos,macos,893.7,43291.19844559585,0.0,2684.054303626943,2684.054303626943,0,39.15704741032964
1,mid,wasm32,linux,893.7,42101.141968911914,0.0,505.213703626943,252.6068518134715,0,96.38237739595348
1,mid,wasm64,linux,893.7,43073.56165803109,0.0,516.8827398963731,258.44136994818655,0,96.3823773990825
1,mid,linux_gpu,linux_gpu,893.7,578.8212435233161,30.09870466321243,30.09870466321243,30.09870466321243,0.004186075051912848,0.004186075051912848
1,high,validation,linux,1069.3,952.9512953367874,0.0,11.435415544041449,5.7177077720207246,0,0.0
1,high,linux,linux,1069.3,56900.056994818646,0.0,682.8006839378238,341.4003419689119,0,397.5476481314881
1,high,windows,windows,1069.3,29258.929015544043,0.0,643.6964383419689,292.58929015544044,0,40.278126474281144
1,high,macos,macos,1069.3,51797.335233160615,0.0,3211.434784455958,3211.434784455958,0,45.54009578562514
1,high,wasm32,linux,1069.3,50373.448704663206,0.0,604.4813844559585,302.24069222797925,0,112.09381168765304
1,high,wasm64,linux,1069.3,51536.935751295336,0.0,618.443229015544,309.221614507772,0,112.09381169129215
1,high,linux_gpu,linux_gpu,1069.3,692.5518134715026,36.01269430051813,36.01269430051813,36.01269430051813,0.0048684533548266845,0.0048684533548266845
2,low,validation,linux,1752.3,1561.6352331606217,0.0,18.73962279792746,9.36981139896373,0,0.0
2,low,linux,linux,1752.3,93244.15025906735,0.0,1118.9298031088083,559.4649015544042,0,681.1240280071021
2,low,windows,windows,1752.3,47947.649222797925,0.0,1054.8482829015545,479.4764922279793,0,69.00908576289198
2,low,macos,macos,1752.3,84882.13834196891,0.0,5262.692577202072,5262.692577202072,0,78.02449246807005
2,low,wasm32,linux,1752.3,82548.76476683938,0.0,990.5851772020725,495.29258860103624,0,192.05191853156504
2,low,wasm64,linux,1752.3,84455.41243523316,0.0,1013.4649492227978,506.7324746113989,0,192.05191853779993
2,low,linux_gpu,linux_gpu,1752.3,1134.9093264248704,59.015284974093255,59.015284974093255,59.015284974093255,0.00834119023163602,0.00834119023163602
2,mid,validation,linux,2068.4,1843.340932642487,0.0,22.120091191709843,11.060045595854922,0,0.0
2,mid,linux,linux,2068.4,110064.60103626944,0.0,1320.7752124352332,660.3876062176166,0,792.3678052044318
2,mid,windows,windows,2068.4,56596.99689119172,0.0,1245.1339316062176,565.9699689119171,0,80.27991316808598
2,mid,macos,macos,2068.4,100194.15336787565,0.0,6212.03750880829,6212.03750880829,0,90.76775052262542
2,mid,wasm32,linux,2068.4,97439.85906735751,0.0,1169.2783088082901,584.6391544041451,0,223.41857123644118
2,mid,wasm64,linux,2068.4,99690.44974093264,0.0,1196.2853968911918,598.1426984455959,0,223.4185712436944
2,mid,linux_gpu,linux_gpu,2068.4,1339.6373056994819,69.66113989637304,69.66113989637304,69.66113989637304,0.009703505271972522,0.009703505271972522
2,high,validation,linux,2700.8,2406.9305699481865,0.0,28.883166839378237,14.441583419689119,0,0.0
2,high,linux,linux,2700.8,143716.1450777202,0.0,1724.5937409326427,862.2968704663214,0,1014.8954451951407
2,high,windows,windows,2700.8,73901.16476683939,0.0,1625.8256248704665,739.0116476683938,0,102.82562930977619
2,high,macos,macos,2700.8,130827.87150259067,0.0,8111.328033160621,8111.328033160621,0,116.25885853887561
2,high,wasm32,linux,2700.8,127231.46943005182,0.0,1526.777633160622,763.388816580311,0,286.1631793096002
2,high,wasm64,linux,2700.8,130170.16373056996,0.0,1562.0419647668396,781.0209823834198,0,286.16317931889046
2,high,linux_gpu,linux_gpu,2700.8,1749.2227979274612,90.95958549222797,90.95958549222797,90.95958549222797,0.012428626249410959,0.012428626249410959
3,low,validation,linux,2839.2,2530.271502590673,0.0,30.36325803108808,15.18162901554404,0,0.0
3,low,linux,linux,2839.2,151080.74611398962,0.0,1812.9689533678757,906.4844766839378,0,1103.8049726534136
3,low,windows,windows,2839.2,77688.16165803108,0.0,1709.139556476684,776.8816165803108,0,111.83362925283822
3,low,macos,macos,2839.2,137532.0248704663,0.0,8526.98554196891,8526.98554196891,0,126.44367139271809
3,low,wasm32,linux,2839.2,133751.3284974093,0.0,1605.0159419689116,802.5079709844558,0,311.232395226203
3,low,wasm64,linux,2839.2,136840.61347150258,0.0,1642.0873616580309,821.0436808290154,0,311.23239523630696
3,low,linux_gpu,linux_gpu,2839.2,1838.8601036269429,95.62072538860102,95.62072538860102,95.62072538860102,0.013517431300238776,0.013517431300238776
3,mid,validation,linux,3524.2,3140.7378238341967,0.0,37.68885388601036,18.84442694300518,0,0.0
3,mid,linux,linux,3524.2,187531.26424870465,0.0,2250.375170984456,1125.187585492228,0,1353.973984323324
3,mid,windows,windows,3524.2,96431.60725388602,0.0,2121.495359585492,964.3160725388601,0,137.17987174564715
3,mid,macos,macos,3524.2,170713.70880829013,0.0,10584.249946113989,10584.249946113989,0,155.1011689470107
3,mid,wasm32,linux,3524.2,166020.86217616577,0.0,1992.2503461139895,996.1251730569948,0,381.7708532349855
3,mid,wasm64,linux,3524.2,169855.48393782382,0.0,2038.265807253886,1019.132903626943,0,381.7708532473796
3,mid,linux_gpu,linux_gpu,3524.2,2282.5129533678755,118.69067357512951,118.69067357512951,118.69067357512951,0.01658105441526025,0.01658105441526025
3,high,validation,linux,4894.4,4361.848704663212,0.0,52.342184455958545,26.171092227979273,0,0.0
3,high,linux,linux,4894.4,260442.94300518133,0.0,3125.315316062176,1562.657658031088,0,1854.3910428262066
3,high,windows,windows,4894.4,133923.97098445595,0.0,2946.327361658031,1339.2397098445597,0,187.8803642954114
3,high,macos,macos,4894.4,237086.76476683936,0.0,14699.37941554404,14699.37941554404,0,212.4252177348546
3,high,wasm32,linux,4894.4,230569.35129533676,0.0,2766.832215544041,1383.4161077720205,0,522.8700542609678
3,high,wasm64,linux,4894.4,235894.86424870466,0.0,2830.7383709844557,1415.3691854922279,0,522.8700542779426
3,high,linux_gpu,linux_gpu,4894.4,3169.948186528497,164.83730569948182,164.83730569948182,164.83730569948182,0.022709268526779965,0.022709268526779965
4,low,validation,linux,4066.7,3624.20932642487,0.0,43.49051191709844,21.74525595854922,0,0.0
4,low,linux,linux,4066.7,216399.01036269427,0.0,2596.7881243523316,1298.3940621761658,0,1582.04763693185
4,low,windows,windows,4066.7,111275.8689119171,0.0,2448.0691160621764,1112.758689119171,0,160.2874903377689
4,low,macos,macos,4066.7,196992.63367875645,0.0,12213.5432880829,12213.5432880829,0,181.22758683625537
4,low,wasm32,linux,4066.7,191577.3906735751,0.0,2298.9286880829013,1149.4643440414507,0,446.0792328382261
4,low,wasm64,linux,4066.7,196002.29740932642,0.0,2352.027568911917,1176.0137844559586,0,446.0792328527079
4,low,linux_gpu,linux_gpu,4066.7,2633.8730569948184,136.96139896373055,136.96139896373055,136.96139896373055,0.019374093047002588,0.019374093047002588
4,mid,validation,linux,5261.1,4688.648704663213,0.0,56.26378445595855,28.131892227979275,0,0.0
4,mid,linux,linux,5261.1,279955.9430051813,0.0,3359.4713160621764,1679.7356580310882,0,2026.6640851249351
4,mid,windows,windows,5261.1,143957.87098445598,0.0,3167.0731616580315,1439.5787098445599,0,205.33446173110394
4,mid,macos,macos,5261.1,254849.8647668394,0.0,15800.691615544041,15800.691615544041,0,232.15953356954503
4,mid,wasm32,linux,5261.1,247844.15129533678,0.0,2974.129815544042,1487.064907772021,0,571.4447145640917
4,mid,wasm64,linux,5261.1,253568.66424870468,0.0,3042.823970984456,1521.411985492228,0,571.4447145826434
4,mid,linux_gpu,linux_gpu,5261.1,3407.4481865284974,177.18730569948184,177.18730569948184,177.18730569948184,0.0248189609741317,0.0248189609741317
4,high,validation,linux,7650.0,6817.616580310881,0.0,81.81139896373057,40.905699481865284,0,0.0
4,high,linux,linux,7650.0,407075.12953367876,0.0,4884.901554404145,2442.4507772020725,0,2915.9754486596485
4,high,windows,windows,7650.0,209324.61139896375,0.0,4605.141450777202,2093.2461139896373,0,295.43635453269144
4,high,macos,macos,7650.0,370569.17098445597,0.0,22975.288601036267,22975.288601036267,0,334.03241564787317
4,high,wasm32,linux,7650.0,360382.3834196891,0.0,4324.588601036269,2162.2943005181346,0,822.1978028650417
4,high,wasm64,linux,7650.0,368706.2176165803,0.0,4424.474611398964,2212.237305699482,0,822.1978028917341
4,high,linux_gpu,linux_gpu,7650.0,4954.663212435233,257.6424870466321,257.6424870466321,257.6424870466321,0.035709657753839656,0.035709657753839656
5,low,validation,linux,5434.7,4843.359585492228,0.0,58.12031502590673,29.060157512953364,0,0.0
5,low,linux,linux,5434.7,289193.621761658,0.0,3470.323461139896,1735.161730569948,0,2115.7930284773743
5,low,windows,windows,5434.7,148708.03471502592,0.0,3271.57676373057,1487.080347150259,0,214.36469211918867
5,low,macos,macos,5434.7,263259.1207253886,0.0,16322.065484974091,16322.065484974091,0,242.36948107299284
5,low,wasm32,linux,5434.7,256022.24041450775,0.0,3072.266884974093,1536.1334424870465,0,596.5757976909207
5,low,wasm64,linux,5434.7,261935.6445595855,0.0,3143.2277347150257,1571.6138673575128,0,596.5757977102882
5,low,linux_gpu,linux_gpu,5434.7,3519.883419689119,183.03393782383415,183.03393782383415,183.03393782383415,0.025910453038833395,0.025910453038833395
5,mid,validation,linux,7279.0,6486.984455958549,0.0,77.84381347150259,38.92190673575129,0,0.0
5,mid,linux,linux,7279.0,387333.31606217613,0.0,4647.9997927461145,2323.9998963730573,0,2810.4180648112406
5,mid,windows,windows,7279.0,199173.0518134715,0.0,4381.807139896373,1991.730518134715,0,284.7416524588052
5,mid,macos,macos,7279.0,352597.77720207255,0.0,21861.062186528496,21861.062186528496,0,321.9405484366588
5,mid,wasm32,linux,7279.0,342905.0155440414,0.0,4114.860186528497,2057.4300932642486,0,792.4345038920562
5,mid,wasm64,linux,7279.0,350825.17098445597,0.0,4209.902051813471,2104.9510259067356,0,792.4345039177823
5,mid,linux_gpu,linux_gpu,7279.0,4714.378238341968,245.14766839378234,245.14766839378234,245.14766839378234,0.034416979500204156,0.034416979500204156
5,high,validation,linux,10967.7,9774.323316062177,0.0,117.29187979274612,58.64593989637306,0,0.0
5,high,linux,linux,10967.7,583618.0259067358,0.0,7003.41631088083,3501.708155440415,0,4199.688180276998
5,high,windows,windows,10967.7,300105.8222797928,0.0,6602.328090155441,3001.058222797928,0,425.4976038036895
5,high,macos,macos,10967.7,531279.9341968913,0.0,32939.35592020725,32939.35592020725,0,481.08497911756047
5,high,wasm32,linux,10967.7,516675.2766839378,0.0,6200.103320207254,3100.051660103627,0,1184.1575676260304
5,high,wasm64,linux,10967.7,528609.0435233162,0.0,6343.308522279793,3171.6542611398963,0,1184.157567664474
5,high,linux_gpu,linux_gpu,10967.7,7103.432642487047,369.37849740932637,369.37849740932637,369.37849740932637,0.05143027787132841,0.05143027787132841
