month,workflow,platform,component,jobs,elapsed_minutes,billed_minutes,public_compute_usd,private_equivalent_compute_usd,private_same_label_compute_usd
2025-07,BuildUSD,linux,linux,3,168.16666666666669,170,0.0,2.72,1.36
2025-07,BuildUSD,linux,validation,3,1.05,3,0.0,0.048,0.024
2025-07,BuildUSD,macos,macos,3,151.75,153,0.0,12.24,12.24
2025-07,BuildUSD,windows,windows,3,220.76666666666665,222,0.0,7.103999999999999,3.5519999999999996
2025-08,BuildUSD,linux,linux,29,1541.4499999999998,1558,0.0,24.928,12.464
2025-08,BuildUSD,linux,validation,30,15.249999999999998,33,0.0,0.5280000000000002,0.2640000000000001
2025-08,BuildUSD,macos,macos,29,1462.4666666666667,1476,0.0,118.07999999999998,118.07999999999998
2025-08,BuildUSD,windows,windows,29,2069.0499999999997,2084,0.0,66.68799999999999,33.343999999999994
2025-08,PyPiPackaging,linux,CollectPackages,2,0.7333333333333334,2,0.0,0.032,0.016
2025-08,PyPiPackaging,linux,"Linux (cp310, /opt/python/cp310-cp310/bin/python, 3.10)",2,56.5,57,0.0,0.912,0.456
2025-08,PyPiPackaging,linux,"Linux (cp311, /opt/python/cp311-cp311/bin/python, 3.11)",2,56.88333333333333,58,0.0,0.928,0.464
2025-08,PyPiPackaging,linux,"Linux (cp312, /opt/python/cp312-cp312/bin/python, 3.12)",2,57.849999999999994,59,0.0,0.944,0.472
2025-08,PyPiPackaging,linux,"Linux (cp313, /opt/python/cp313-cp313/bin/python, 3.13.5)",2,57.65,58,0.0,0.928,0.464
2025-08,PyPiPackaging,linux,"Linux (cp38, /opt/python/cp38-cp38/bin/python, 3.8)",2,57.333333333333336,59,0.0,0.944,0.472
2025-08,PyPiPackaging,linux,"Linux (cp39, /opt/python/cp39-cp39/bin/python, 3.9)",2,57.81666666666666,59,0.0,0.944,0.472
2025-08,PyPiPackaging,linux,"Test (Linux_Python310, 3.10, ubuntu-22.04, python3)",2,0.9833333333333334,2,0.0,0.032,0.016
2025-08,PyPiPackaging,linux,"Test (Linux_Python311, 3.11, ubuntu-22.04, python3)",2,1.2166666666666666,2,0.0,0.032,0.016
2025-08,PyPiPackaging,linux,"Test (Linux_Python312, 3.12, ubuntu-22.04, python3)",2,1.2166666666666668,2,0.0,0.032,0.016
2025-08,PyPiPackaging,linux,"Test (Linux_Python313, 3.13.5, ubuntu-22.04, python3)",2,2.05,3,0.0,0.048,0.024
2025-08,PyPiPackaging,linux,"Test (Linux_Python38, 3.8, ubuntu-22.04, python3)",2,1.05,2,0.0,0.032,0.016
2025-08,PyPiPackaging,linux,"Test (Linux_Python39, 3.9, ubuntu-22.04, python3)",2,1.3833333333333333,3,0.0,0.048,0.024
2025-08,PyPiPackaging,macos,"Test (Mac_Python310, 3.10, macos-15, python3)",2,2.6166666666666667,4,0.0,0.32,0.32
2025-08,PyPiPackaging,macos,"Test (Mac_Python311, 3.11, macos-15, python3)",2,2.0666666666666664,3,0.0,0.24,0.24
2025-08,PyPiPackaging,macos,"Test (Mac_Python312, 3.12, macos-15, python3)",2,1.8333333333333333,3,0.0,0.24,0.24
2025-08,PyPiPackaging,macos,"Test (Mac_Python313, 3.13.5, macos-15, python3)",2,2.6500000000000004,4,0.0,0.32,0.32
2025-08,PyPiPackaging,macos,"Test (Mac_Python38, 3.8, macos-15, python3)",2,2.5,4,0.0,0.32,0.32
2025-08,PyPiPackaging,macos,"Test (Mac_Python39, 3.9, macos-15, python3)",2,2.65,4,0.0,0.32,0.32
2025-08,PyPiPackaging,macos,"macOS (3.10, python3.10, cp310)",2,88.4,90,0.0,7.2,7.2
2025-08,PyPiPackaging,macos,"macOS (3.11, python3.11, cp311)",2,84.15,85,0.0,6.8,6.8
2025-08,PyPiPackaging,macos,"macOS (3.12, python3.12, cp312)",2,83.98333333333333,85,0.0,6.800000000000001,6.800000000000001
2025-08,PyPiPackaging,macos,"macOS (3.13.5, python3.13, cp313)",2,80.46666666666667,82,0.0,6.5600000000000005,6.5600000000000005
2025-08,PyPiPackaging,macos,"macOS (3.8, python3.8, cp38)",2,88.30000000000001,89,0.0,7.12,7.12
2025-08,PyPiPackaging,macos,"macOS (3.9, python3.9, cp39)",2,75.76666666666667,77,0.0,6.16,6.16
2025-08,PyPiPackaging,windows,"Test (Windows_Python310, 3.10, windows-2022, python3)",2,1.55,2,0.0,0.064,0.032
2025-08,PyPiPackaging,windows,"Test (Windows_Python311, 3.11, windows-2022, python3)",2,1.7333333333333334,2,0.0,0.064,0.032
2025-08,PyPiPackaging,windows,"Test (Windows_Python312, 3.12, windows-2022, python3)",2,1.8166666666666667,2,0.0,0.064,0.032
2025-08,PyPiPackaging,windows,"Test (Windows_Python313, 3.13.5, windows-2022, python3)",2,4.1,5,0.0,0.16,0.08
2025-08,PyPiPackaging,windows,"Test (Windows_Python38, 3.8, windows-2022, python3)",2,3.033333333333333,4,0.0,0.128,0.064
2025-08,PyPiPackaging,windows,"Test (Windows_Python39, 3.9, windows-2022, python3)",2,1.35,2,0.0,0.064,0.032
2025-08,PyPiPackaging,windows,"Windows (3.10, cp310)",2,78.43333333333334,79,0.0,2.528,1.264
2025-08,PyPiPackaging,windows,"Windows (3.11, cp311)",2,77.1,78,0.0,2.496,1.248
2025-08,PyPiPackaging,windows,"Windows (3.12, cp312)",2,77.21666666666667,78,0.0,2.496,1.248
2025-08,PyPiPackaging,windows,"Windows (3.13.5, cp313)",2,79.83333333333333,81,0.0,2.592,1.296
2025-08,PyPiPackaging,windows,"Windows (3.8, cp38)",2,79.31666666666666,81,0.0,2.592,1.296
2025-08,PyPiPackaging,windows,"Windows (3.9, cp39)",2,76.96666666666667,78,0.0,2.496,1.248
2025-09,BuildUSD,linux,linux,28,1682.3166666666666,1695,0.0,27.119999999999994,13.559999999999997
2025-09,BuildUSD,linux,validation,28,11.666666666666668,28,0.0,0.4480000000000003,0.22400000000000014
2025-09,BuildUSD,macos,macos,28,1623.6666666666665,1638,0.0,131.04000000000002,131.04000000000002
2025-09,BuildUSD,windows,windows,28,2236.85,2250,0.0,72.0,36.0
2025-09,PyPiPackaging,linux,CollectPackages,4,1.55,4,0.0,0.064,0.032
2025-09,PyPiPackaging,linux,"Linux (cp310, /opt/python/cp310-cp310/bin/python, 3.10)",4,114.16666666666666,116,0.0,1.856,0.928
2025-09,PyPiPackaging,linux,"Linux (cp311, /opt/python/cp311-cp311/bin/python, 3.11)",4,113.08333333333334,115,0.0,1.84,0.92
2025-09,PyPiPackaging,linux,"Linux (cp312, /opt/python/cp312-cp312/bin/python, 3.12)",4,113.16666666666667,115,0.0,1.84,0.92
2025-09,PyPiPackaging,linux,"Linux (cp313, /opt/python/cp313-cp313/bin/python, 3.13.5)",4,114.33333333333333,116,0.0,1.856,0.928
2025-09,PyPiPackaging,linux,"Linux (cp38, /opt/python/cp38-cp38/bin/python, 3.8)",4,113.61666666666666,116,0.0,1.856,0.928
2025-09,PyPiPackaging,linux,"Linux (cp39, /opt/python/cp39-cp39/bin/python, 3.9)",4,113.19999999999999,116,0.0,1.856,0.928
2025-09,PyPiPackaging,linux,"Test (Linux_Python310, 3.10, ubuntu-22.04, python3)",4,2.216666666666667,4,0.0,0.064,0.032
2025-09,PyPiPackaging,linux,"Test (Linux_Python311, 3.11, ubuntu-22.04, python3)",4,1.7,4,0.0,0.064,0.032
2025-09,PyPiPackaging,linux,"Test (Linux_Python312, 3.12, ubuntu-22.04, python3)",4,1.65,4,0.0,0.064,0.032
2025-09,PyPiPackaging,linux,"Test (Linux_Python313, 3.13.5, ubuntu-22.04, python3)",4,2.4833333333333334,4,0.0,0.064,0.032
2025-09,PyPiPackaging,linux,"Test (Linux_Python38, 3.8, ubuntu-22.04, python3)",4,1.95,4,0.0,0.064,0.032
2025-09,PyPiPackaging,linux,"Test (Linux_Python39, 3.9, ubuntu-22.04, python3)",4,2.033333333333333,4,0.0,0.064,0.032
2025-09,PyPiPackaging,macos,"Test (Mac_Python310, 3.10, macos-15, python3)",4,4.3,6,0.0,0.48000000000000004,0.48000000000000004
2025-09,PyPiPackaging,macos,"Test (Mac_Python311, 3.11, macos-15, python3)",4,3.166666666666667,4,0.0,0.32,0.32
2025-09,PyPiPackaging,macos,"Test (Mac_Python312, 3.12, macos-15, python3)",4,3.1,4,0.0,0.32,0.32
2025-09,PyPiPackaging,macos,"Test (Mac_Python313, 3.13.5, macos-15, python3)",4,5.033333333333333,8,0.0,0.64,0.64
2025-09,PyPiPackaging,macos,"Test (Mac_Python38, 3.8, macos-15, python3)",4,6.1000000000000005,8,0.0,0.64,0.64
2025-09,PyPiPackaging,macos,"Test (Mac_Python39, 3.9, macos-15, python3)",4,4.633333333333333,8,0.0,0.64,0.64
2025-09,PyPiPackaging,macos,"macOS (3.10, python3.10, cp310)",4,185.43333333333334,188,0.0,15.040000000000001,15.040000000000001
2025-09,PyPiPackaging,macos,"macOS (3.11, python3.11, cp311)",4,171.31666666666666,173,0.0,13.84,13.84
2025-09,PyPiPackaging,macos,"macOS (3.12, python3.12, cp312)",4,179.8,182,0.0,14.559999999999999,14.559999999999999
2025-09,PyPiPackaging,macos,"macOS (3.13.5, python3.13, cp313)",4,163.33333333333334,166,0.0,13.280000000000001,13.280000000000001
2025-09,PyPiPackaging,macos,"macOS (3.8, python3.8, cp38)",4,192.28333333333333,195,0.0,15.6,15.6
2025-09,PyPiPackaging,macos,"macOS (3.9, python3.9, cp39)",4,173.25,175,0.0,14.0,14.0
2025-09,PyPiPackaging,windows,"Test (Windows_Python310, 3.10, windows-2022, python3)",4,3.6999999999999997,5,0.0,0.16,0.08
2025-09,PyPiPackaging,windows,"Test (Windows_Python311, 3.11, windows-2022, python3)",4,3.55,6,0.0,0.192,0.096
2025-09,PyPiPackaging,windows,"Test (Windows_Python312, 3.12, windows-2022, python3)",4,4.616666666666667,7,0.0,0.224,0.112
2025-09,PyPiPackaging,windows,"Test (Windows_Python313, 3.13.5, windows-2022, python3)",4,7.266666666666667,9,0.0,0.28800000000000003,0.14400000000000002
2025-09,PyPiPackaging,windows,"Test (Windows_Python38, 3.8, windows-2022, python3)",4,5.566666666666667,8,0.0,0.256,0.128
2025-09,PyPiPackaging,windows,"Test (Windows_Python39, 3.9, windows-2022, python3)",4,3.3833333333333333,5,0.0,0.16,0.08
2025-09,PyPiPackaging,windows,"Windows (3.10, cp310)",4,154.93333333333334,156,0.0,4.992,2.496
2025-09,PyPiPackaging,windows,"Windows (3.11, cp311)",4,158.48333333333335,160,0.0,5.12,2.56
2025-09,PyPiPackaging,windows,"Windows (3.12, cp312)",4,155.21666666666667,157,0.0,5.024,2.512
2025-09,PyPiPackaging,windows,"Windows (3.13.5, cp313)",4,160.06666666666666,162,0.0,5.184,2.592
2025-09,PyPiPackaging,windows,"Windows (3.8, cp38)",4,160.63333333333333,162,0.0,5.184,2.592
2025-09,PyPiPackaging,windows,"Windows (3.9, cp39)",4,154.8,157,0.0,5.024,2.512
2025-10,BuildUSD,linux,linux,39,2229.6333333333337,2247,0.0,35.952,17.976
2025-10,BuildUSD,linux,validation,40,18.749999999999996,42,0.0,0.6720000000000005,0.33600000000000024
2025-10,BuildUSD,macos,macos,41,2376.2166666666667,2398,0.0,191.84000000000003,191.84000000000003
2025-10,BuildUSD,windows,windows,39,3144.666666666667,3166,0.0,101.31199999999997,50.655999999999985
2025-10,PyPiPackaging,linux,CollectPackages,9,3.5999999999999996,9,0.0,0.14400000000000002,0.07200000000000001
2025-10,PyPiPackaging,linux,"Linux (cp310, /opt/python/cp310-cp310/bin/python, 3.10)",8,228.13333333333333,232,0.0,3.712,1.856
2025-10,PyPiPackaging,linux,"Linux (cp311, /opt/python/cp311-cp311/bin/python, 3.11)",8,224.83333333333334,229,0.0,3.664,1.832
2025-10,PyPiPackaging,linux,"Linux (cp312, /opt/python/cp312-cp312/bin/python, 3.12)",8,228.86666666666665,232,0.0,3.712,1.856
2025-10,PyPiPackaging,linux,"Linux (cp313, /opt/python/cp313-cp313/bin/python, 3.13.5)",8,228.38333333333335,232,0.0,3.712,1.856
2025-10,PyPiPackaging,linux,"Linux (cp38, /opt/python/cp38-cp38/bin/python, 3.8)",8,229.65,233,0.0,3.7279999999999998,1.8639999999999999
2025-10,PyPiPackaging,linux,"Linux (cp39, /opt/python/cp39-cp39/bin/python, 3.9)",8,228.98333333333332,232,0.0,3.712,1.856
2025-10,PyPiPackaging,linux,"Test (Linux_Python310, 3.10, ubuntu-22.04, python3)",7,3.9833333333333334,7,0.0,0.112,0.056
2025-10,PyPiPackaging,linux,"Test (Linux_Python311, 3.11, ubuntu-22.04, python3)",7,4.933333333333334,8,0.0,0.128,0.064
2025-10,PyPiPackaging,linux,"Test (Linux_Python312, 3.12, ubuntu-22.04, python3)",7,4.816666666666667,7,0.0,0.112,0.056
2025-10,PyPiPackaging,linux,"Test (Linux_Python313, 3.13.5, ubuntu-22.04, python3)",7,3.9000000000000004,7,0.0,0.112,0.056
2025-10,PyPiPackaging,linux,"Test (Linux_Python38, 3.8, ubuntu-22.04, python3)",7,3.9833333333333334,7,0.0,0.112,0.056
2025-10,PyPiPackaging,linux,"Test (Linux_Python39, 3.9, ubuntu-22.04, python3)",7,4.333333333333334,7,0.0,0.112,0.056
2025-10,PyPiPackaging,macos,"Test (Mac_Python310, 3.10, macos-15, python3)",7,5.816666666666667,8,0.0,0.64,0.64
2025-10,PyPiPackaging,macos,"Test (Mac_Python311, 3.11, macos-15, python3)",7,4.8999999999999995,8,0.0,0.64,0.64
2025-10,PyPiPackaging,macos,"Test (Mac_Python312, 3.12, macos-15, python3)",7,4.666666666666667,7,0.0,0.56,0.56
2025-10,PyPiPackaging,macos,"Test (Mac_Python313, 3.13.5, macos-15, python3)",7,7.366666666666667,11,0.0,0.88,0.88
2025-10,PyPiPackaging,macos,"Test (Mac_Python38, 3.8, macos-15, python3)",7,9.5,12,0.0,0.96,0.96
2025-10,PyPiPackaging,macos,"Test (Mac_Python39, 3.9, macos-15, python3)",7,9.083333333333332,14,0.0,1.12,1.12
2025-10,PyPiPackaging,macos,"macOS (3.10, python3.10, cp310)",9,426.16666666666663,431,0.0,34.480000000000004,34.480000000000004
2025-10,PyPiPackaging,macos,"macOS (3.11, python3.11, cp311)",8,356.1166666666667,361,0.0,28.88,28.88
2025-10,PyPiPackaging,macos,"macOS (3.12, python3.12, cp312)",8,359.2166666666667,364,0.0,29.12,29.12
2025-10,PyPiPackaging,macos,"macOS (3.13.5, python3.13, cp313)",8,347.51666666666665,351,0.0,28.080000000000005,28.080000000000005
2025-10,PyPiPackaging,macos,"macOS (3.8, python3.8, cp38)",8,354.15000000000003,357,0.0,28.56,28.56
2025-10,PyPiPackaging,macos,"macOS (3.9, python3.9, cp39)",8,371.76666666666665,376,0.0,30.080000000000002,30.080000000000002
2025-10,PyPiPackaging,windows,"Test (Windows_Python310, 3.10, windows-2022, python3)",7,6.633333333333334,9,0.0,0.28800000000000003,0.14400000000000002
2025-10,PyPiPackaging,windows,"Test (Windows_Python311, 3.11, windows-2022, python3)",7,7.4333333333333345,10,0.0,0.32000000000000006,0.16000000000000003
2025-10,PyPiPackaging,windows,"Test (Windows_Python312, 3.12, windows-2022, python3)",7,6.366666666666666,10,0.0,0.32000000000000006,0.16000000000000003
2025-10,PyPiPackaging,windows,"Test (Windows_Python313, 3.13.5, windows-2022, python3)",7,12.816666666666666,17,0.0,0.544,0.272
2025-10,PyPiPackaging,windows,"Test (Windows_Python38, 3.8, windows-2022, python3)",7,11.366666666666665,16,0.0,0.512,0.256
2025-10,PyPiPackaging,windows,"Test (Windows_Python39, 3.9, windows-2022, python3)",7,7.3500000000000005,9,0.0,0.28800000000000003,0.14400000000000002
2025-10,PyPiPackaging,windows,"Windows (3.10, cp310)",8,315.33333333333337,319,0.0,10.208,5.104
2025-10,PyPiPackaging,windows,"Windows (3.11, cp311)",8,314.51666666666665,318,0.0,10.176,5.088
2025-10,PyPiPackaging,windows,"Windows (3.12, cp312)",8,318.0833333333333,321,0.0,10.272,5.136
2025-10,PyPiPackaging,windows,"Windows (3.13.5, cp313)",8,327.6333333333334,330,0.0,10.56,5.28
2025-10,PyPiPackaging,windows,"Windows (3.8, cp38)",8,327.43333333333334,331,0.0,10.591999999999999,5.295999999999999
2025-10,PyPiPackaging,windows,"Windows (3.9, cp39)",8,311.5166666666667,316,0.0,10.112,5.056
2025-11,BuildUSD,linux,linux,10,571.8666666666667,576,0.0,9.216000000000001,4.6080000000000005
2025-11,BuildUSD,linux,validation,14,7.2333333333333325,15,0.0,0.24000000000000005,0.12000000000000002
2025-11,BuildUSD,macos,macos,11,680.0333333333334,686,0.0,54.88,54.88
2025-11,BuildUSD,windows,windows,10,835.4833333333332,839,0.0,26.847999999999995,13.423999999999998
2025-11,PyPiPackaging,linux,CollectPackages,4,1.5666666666666669,4,0.0,0.064,0.032
2025-11,PyPiPackaging,linux,"Linux (cp310, /opt/python/cp310-cp310/bin/python, 3.10)",4,114.21666666666667,115,0.0,1.84,0.92
2025-11,PyPiPackaging,linux,"Linux (cp311, /opt/python/cp311-cp311/bin/python, 3.11)",4,114.15,116,0.0,1.8559999999999999,0.9279999999999999
2025-11,PyPiPackaging,linux,"Linux (cp312, /opt/python/cp312-cp312/bin/python, 3.12)",4,112.38333333333333,114,0.0,1.8239999999999998,0.9119999999999999
2025-11,PyPiPackaging,linux,"Linux (cp313, /opt/python/cp313-cp313/bin/python, 3.13.5)",4,115.03333333333333,117,0.0,1.8719999999999999,0.9359999999999999
2025-11,PyPiPackaging,linux,"Linux (cp38, /opt/python/cp38-cp38/bin/python, 3.8)",4,116.03333333333333,118,0.0,1.888,0.944
2025-11,PyPiPackaging,linux,"Linux (cp39, /opt/python/cp39-cp39/bin/python, 3.9)",4,112.53333333333333,114,0.0,1.824,0.912
2025-11,PyPiPackaging,linux,"Test (Linux_Python310, 3.10, ubuntu-22.04, python3)",4,2.916666666666667,5,0.0,0.08,0.04
2025-11,PyPiPackaging,linux,"Test (Linux_Python311, 3.11, ubuntu-22.04, python3)",4,2.1833333333333336,4,0.0,0.064,0.032
2025-11,PyPiPackaging,linux,"Test (Linux_Python312, 3.12, ubuntu-22.04, python3)",4,3.4333333333333336,5,0.0,0.08,0.04
2025-11,PyPiPackaging,linux,"Test (Linux_Python313, 3.13.5, ubuntu-22.04, python3)",4,2.2833333333333337,4,0.0,0.064,0.032
2025-11,PyPiPackaging,linux,"Test (Linux_Python38, 3.8, ubuntu-22.04, python3)",4,1.9666666666666668,4,0.0,0.064,0.032
2025-11,PyPiPackaging,linux,"Test (Linux_Python39, 3.9, ubuntu-22.04, python3)",4,3.2,4,0.0,0.064,0.032
2025-11,PyPiPackaging,macos,"Test (Mac_Python310, 3.10, macos-15, python3)",4,5.15,7,0.0,0.56,0.56
2025-11,PyPiPackaging,macos,"Test (Mac_Python311, 3.11, macos-15, python3)",4,3.566666666666667,5,0.0,0.4,0.4
2025-11,PyPiPackaging,macos,"Test (Mac_Python312, 3.12, macos-15, python3)",4,2.65,4,0.0,0.32,0.32
2025-11,PyPiPackaging,macos,"Test (Mac_Python313, 3.13.5, macos-15, python3)",4,4.483333333333333,7,0.0,0.5599999999999999,0.5599999999999999
2025-11,PyPiPackaging,macos,"Test (Mac_Python38, 3.8, macos-15, python3)",4,5.966666666666667,8,0.0,0.64,0.64
2025-11,PyPiPackaging,macos,"Test (Mac_Python39, 3.9, macos-15, python3)",4,4.7,6,0.0,0.48000000000000004,0.48000000000000004
2025-11,PyPiPackaging,macos,"macOS (3.10, python3.10, cp310)",4,217.31666666666666,219,0.0,17.520000000000003,17.520000000000003
2025-11,PyPiPackaging,macos,"macOS (3.11, python3.11, cp311)",4,234.38333333333333,236,0.0,18.88,18.88
2025-11,PyPiPackaging,macos,"macOS (3.12, python3.12, cp312)",4,209.63333333333333,211,0.0,16.880000000000003,16.880000000000003
2025-11,PyPiPackaging,macos,"macOS (3.13.5, python3.13, cp313)",4,198.25,201,0.0,16.080000000000002,16.080000000000002
2025-11,PyPiPackaging,macos,"macOS (3.8, python3.8, cp38)",4,211.85000000000002,213,0.0,17.04,17.04
2025-11,PyPiPackaging,macos,"macOS (3.9, python3.9, cp39)",4,178.73333333333335,181,0.0,14.48,14.48
2025-11,PyPiPackaging,windows,"Test (Windows_Python310, 3.10, windows-2022, python3)",4,3.533333333333333,4,0.0,0.128,0.064
2025-11,PyPiPackaging,windows,"Test (Windows_Python311, 3.11, windows-2022, python3)",4,3.3000000000000003,5,0.0,0.16,0.08
2025-11,PyPiPackaging,windows,"Test (Windows_Python312, 3.12, windows-2022, python3)",4,3.2666666666666666,4,0.0,0.128,0.064
2025-11,PyPiPackaging,windows,"Test (Windows_Python313, 3.13.5, windows-2022, python3)",4,5.749999999999999,8,0.0,0.256,0.128
2025-11,PyPiPackaging,windows,"Test (Windows_Python38, 3.8, windows-2022, python3)",4,5.25,8,0.0,0.256,0.128
2025-11,PyPiPackaging,windows,"Test (Windows_Python39, 3.9, windows-2022, python3)",4,2.933333333333333,4,0.0,0.128,0.064
2025-11,PyPiPackaging,windows,"Windows (3.10, cp310)",4,168.45000000000002,170,0.0,5.44,2.72
2025-11,PyPiPackaging,windows,"Windows (3.11, cp311)",4,163.28333333333333,165,0.0,5.279999999999999,2.6399999999999997
2025-11,PyPiPackaging,windows,"Windows (3.12, cp312)",4,164.26666666666668,167,0.0,5.343999999999999,2.6719999999999997
2025-11,PyPiPackaging,windows,"Windows (3.13.5, cp313)",4,162.6,164,0.0,5.248,2.624
2025-11,PyPiPackaging,windows,"Windows (3.8, cp38)",4,162.7,164,0.0,5.247999999999999,2.6239999999999997
2025-11,PyPiPackaging,windows,"Windows (3.9, cp39)",4,166.39999999999998,168,0.0,5.3759999999999994,2.6879999999999997
2025-12,BuildUSD,linux,linux,30,1657.75,1674,0.0,26.784,13.392
2025-12,BuildUSD,linux,validation,32,17.033333333333324,33,0.0,0.5280000000000004,0.2640000000000002
2025-12,BuildUSD,macos,macos,31,1847.9499999999998,1863,0.0,149.04000000000002,149.04000000000002
2025-12,BuildUSD,windows,windows,30,2542.416666666666,2557,0.0,81.82400000000001,40.912000000000006
2025-12,PyPiPackaging,linux,CollectPackages,3,1.1500000000000001,3,0.0,0.048,0.024
2025-12,PyPiPackaging,linux,"Linux (cp310, /opt/python/cp310-cp310/bin/python, 3.10)",3,83.06666666666666,85,0.0,1.36,0.68
2025-12,PyPiPackaging,linux,"Linux (cp311, /opt/python/cp311-cp311/bin/python, 3.11)",3,81.16666666666667,82,0.0,1.312,0.656
2025-12,PyPiPackaging,linux,"Linux (cp312, /opt/python/cp312-cp312/bin/python, 3.12)",3,82.86666666666667,84,0.0,1.344,0.672
2025-12,PyPiPackaging,linux,"Linux (cp313, /opt/python/cp313-cp313/bin/python, 3.13.5)",3,84.10000000000001,86,0.0,1.376,0.688
2025-12,PyPiPackaging,linux,"Linux (cp38, /opt/python/cp38-cp38/bin/python, 3.8)",3,82.11666666666666,84,0.0,1.344,0.672
2025-12,PyPiPackaging,linux,"Linux (cp39, /opt/python/cp39-cp39/bin/python, 3.9)",3,83.01666666666667,84,0.0,1.344,0.672
2025-12,PyPiPackaging,linux,"Test (Linux_Python310, 3.10, ubuntu-22.04, python3)",3,1.5,3,0.0,0.048,0.024
2025-12,PyPiPackaging,linux,"Test (Linux_Python311, 3.11, ubuntu-22.04, python3)",3,1.7000000000000002,3,0.0,0.048,0.024
2025-12,PyPiPackaging,linux,"Test (Linux_Python312, 3.12, ubuntu-22.04, python3)",3,1.7833333333333332,3,0.0,0.048,0.024
2025-12,PyPiPackaging,linux,"Test (Linux_Python313, 3.13.5, ubuntu-22.04, python3)",3,2.4833333333333334,4,0.0,0.064,0.032
2025-12,PyPiPackaging,linux,"Test (Linux_Python38, 3.8, ubuntu-22.04, python3)",3,1.2166666666666668,3,0.0,0.048,0.024
2025-12,PyPiPackaging,linux,"Test (Linux_Python39, 3.9, ubuntu-22.04, python3)",3,1.65,3,0.0,0.048,0.024
2025-12,PyPiPackaging,macos,"Test (Mac_Python310, 3.10, macos-15, python3)",3,2.833333333333333,4,0.0,0.32,0.32
2025-12,PyPiPackaging,macos,"Test (Mac_Python311, 3.11, macos-15, python3)",3,1.7333333333333334,3,0.0,0.24,0.24
2025-12,PyPiPackaging,macos,"Test (Mac_Python312, 3.12, macos-15, python3)",3,2.35,4,0.0,0.32,0.32
2025-12,PyPiPackaging,macos,"Test (Mac_Python313, 3.13.5, macos-15, python3)",3,3.9,5,0.0,0.4,0.4
2025-12,PyPiPackaging,macos,"Test (Mac_Python38, 3.8, macos-15, python3)",3,3.8833333333333333,6,0.0,0.48,0.48
2025-12,PyPiPackaging,macos,"Test (Mac_Python39, 3.9, macos-15, python3)",3,3.3,4,0.0,0.32,0.32
2025-12,PyPiPackaging,macos,"macOS (3.10, python3.10, cp310)",3,115.88333333333333,117,0.0,9.36,9.36
2025-12,PyPiPackaging,macos,"macOS (3.11, python3.11, cp311)",3,140.71666666666667,143,0.0,11.440000000000001,11.440000000000001
2025-12,PyPiPackaging,macos,"macOS (3.12, python3.12, cp312)",3,155.64999999999998,158,0.0,12.64,12.64
2025-12,PyPiPackaging,macos,"macOS (3.13.5, python3.13, cp313)",3,145.28333333333333,147,0.0,11.760000000000002,11.760000000000002
2025-12,PyPiPackaging,macos,"macOS (3.8, python3.8, cp38)",3,119.31666666666666,121,0.0,9.68,9.68
2025-12,PyPiPackaging,macos,"macOS (3.9, python3.9, cp39)",3,122.5,124,0.0,9.920000000000002,9.920000000000002
2025-12,PyPiPackaging,windows,"Test (Windows_Python310, 3.10, windows-2022, python3)",3,2.1,3,0.0,0.096,0.048
2025-12,PyPiPackaging,windows,"Test (Windows_Python311, 3.11, windows-2022, python3)",3,2.6333333333333333,3,0.0,0.096,0.048
2025-12,PyPiPackaging,windows,"Test (Windows_Python312, 3.12, windows-2022, python3)",3,2.2333333333333334,3,0.0,0.096,0.048
2025-12,PyPiPackaging,windows,"Test (Windows_Python313, 3.13.5, windows-2022, python3)",3,3.9000000000000004,6,0.0,0.192,0.096
2025-12,PyPiPackaging,windows,"Test (Windows_Python38, 3.8, windows-2022, python3)",3,4.066666666666666,6,0.0,0.192,0.096
2025-12,PyPiPackaging,windows,"Test (Windows_Python39, 3.9, windows-2022, python3)",3,2.4166666666666665,3,0.0,0.096,0.048
2025-12,PyPiPackaging,windows,"Windows (3.10, cp310)",3,128.81666666666666,130,0.0,4.16,2.08
2025-12,PyPiPackaging,windows,"Windows (3.11, cp311)",3,128.96666666666667,130,0.0,4.16,2.08
2025-12,PyPiPackaging,windows,"Windows (3.12, cp312)",3,130.5,132,0.0,4.224,2.112
2025-12,PyPiPackaging,windows,"Windows (3.13.5, cp313)",3,132.93333333333334,134,0.0,4.288,2.144
2025-12,PyPiPackaging,windows,"Windows (3.8, cp38)",3,127.83333333333334,129,0.0,4.128,2.064
2025-12,PyPiPackaging,windows,"Windows (3.9, cp39)",3,129.6,131,0.0,4.192,2.096
2026-01,BuildUSD,linux,linux,19,963.4666666666666,973,0.0,11.676000000000002,5.838000000000001
2026-01,BuildUSD,linux,validation,20,8.533333333333333,20,0.0,0.24000000000000007,0.12000000000000004
2026-01,BuildUSD,macos,macos,19,1090.1166666666666,1101,0.0,68.262,68.262
2026-01,BuildUSD,windows,windows,19,1516.7333333333336,1525,0.0,33.55,15.250000000000002
2026-01,PyPiPackaging,linux,CollectPackages,3,1.0499999999999998,3,0.0,0.036000000000000004,0.018000000000000002
2026-01,PyPiPackaging,linux,"Linux (cp310, /opt/python/cp310-cp310/bin/python, 3.10)",3,87.31666666666666,89,0.0,1.068,0.534
2026-01,PyPiPackaging,linux,"Linux (cp311, /opt/python/cp311-cp311/bin/python, 3.11)",3,91.55,93,0.0,1.116,0.558
2026-01,PyPiPackaging,linux,"Linux (cp312, /opt/python/cp312-cp312/bin/python, 3.12)",3,86.38333333333334,88,0.0,1.056,0.528
2026-01,PyPiPackaging,linux,"Linux (cp313, /opt/python/cp313-cp313/bin/python, 3.13.5)",3,91.86666666666667,93,0.0,1.116,0.558
2026-01,PyPiPackaging,linux,"Linux (cp38, /opt/python/cp38-cp38/bin/python, 3.8)",3,88.48333333333333,90,0.0,1.08,0.54
2026-01,PyPiPackaging,linux,"Linux (cp39, /opt/python/cp39-cp39/bin/python, 3.9)",3,89.78333333333333,92,0.0,1.104,0.552
2026-01,PyPiPackaging,linux,"Test (Linux_Python310, 3.10, ubuntu-22.04, python3)",2,1.4666666666666668,2,0.0,0.024,0.012
2026-01,PyPiPackaging,linux,"Test (Linux_Python311, 3.11, ubuntu-22.04, python3)",2,1.1666666666666667,2,0.0,0.024,0.012
2026-01,PyPiPackaging,linux,"Test (Linux_Python312, 3.12, ubuntu-22.04, python3)",2,0.8,2,0.0,0.024,0.012
2026-01,PyPiPackaging,linux,"Test (Linux_Python313, 3.13.5, ubuntu-22.04, python3)",2,1.0333333333333334,2,0.0,0.024,0.012
2026-01,PyPiPackaging,linux,"Test (Linux_Python38, 3.8, ubuntu-22.04, python3)",2,0.9833333333333334,2,0.0,0.024,0.012
2026-01,PyPiPackaging,linux,"Test (Linux_Python39, 3.9, ubuntu-22.04, python3)",2,1.4,2,0.0,0.024,0.012
2026-01,PyPiPackaging,macos,"Test (Mac_Python310, 3.10, macos-15, python3)",2,2.2,4,0.0,0.248,0.248
2026-01,PyPiPackaging,macos,"Test (Mac_Python311, 3.11, macos-15, python3)",2,1.7333333333333334,3,0.0,0.186,0.186
2026-01,PyPiPackaging,macos,"Test (Mac_Python312, 3.12, macos-15, python3)",2,2.0666666666666664,3,0.0,0.186,0.186
2026-01,PyPiPackaging,macos,"Test (Mac_Python313, 3.13.5, macos-15, python3)",2,2.033333333333333,3,0.0,0.186,0.186
2026-01,PyPiPackaging,macos,"Test (Mac_Python38, 3.8, macos-15, python3)",2,2.783333333333333,4,0.0,0.248,0.248
2026-01,PyPiPackaging,macos,"Test (Mac_Python39, 3.9, macos-15, python3)",2,2.033333333333333,3,0.0,0.186,0.186
2026-01,PyPiPackaging,macos,"macOS (3.10, python3.10, cp310)",3,125.83333333333333,127,0.0,7.874,7.874
2026-01,PyPiPackaging,macos,"macOS (3.11, python3.11, cp311)",3,134.4,137,0.0,8.494,8.494
2026-01,PyPiPackaging,macos,"macOS (3.12, python3.12, cp312)",3,163.46666666666667,166,0.0,10.292000000000002,10.292000000000002
2026-01,PyPiPackaging,macos,"macOS (3.13.5, python3.13, cp313)",3,157.88333333333333,160,0.0,9.920000000000002,9.920000000000002
2026-01,PyPiPackaging,macos,"macOS (3.8, python3.8, cp38)",3,154.21666666666667,157,0.0,9.734,9.734
2026-01,PyPiPackaging,macos,"macOS (3.9, python3.9, cp39)",3,153.35,156,0.0,9.672,9.672
2026-01,PyPiPackaging,windows,"Test (Windows_Python310, 3.10, windows-2022, python3)",2,1.6333333333333333,2,0.0,0.044,0.02
2026-01,PyPiPackaging,windows,"Test (Windows_Python311, 3.11, windows-2022, python3)",2,1.75,3,0.0,0.066,0.03
2026-01,PyPiPackaging,windows,"Test (Windows_Python312, 3.12, windows-2022, python3)",2,1.6666666666666665,2,0.0,0.044,0.02
2026-01,PyPiPackaging,windows,"Test (Windows_Python313, 3.13.5, windows-2022, python3)",2,2.783333333333333,4,0.0,0.088,0.04
2026-01,PyPiPackaging,windows,"Test (Windows_Python38, 3.8, windows-2022, python3)",2,2.7,4,0.0,0.088,0.04
2026-01,PyPiPackaging,windows,"Test (Windows_Python39, 3.9, windows-2022, python3)",2,2.1999999999999997,3,0.0,0.066,0.03
2026-01,PyPiPackaging,windows,"Windows (3.10, cp310)",3,131.6,132,0.0,2.904,1.32
2026-01,PyPiPackaging,windows,"Windows (3.11, cp311)",3,132.9,134,0.0,2.948,1.34
2026-01,PyPiPackaging,windows,"Windows (3.12, cp312)",3,131.95,133,0.0,2.926,1.33
2026-01,PyPiPackaging,windows,"Windows (3.13.5, cp313)",3,136.26666666666665,138,0.0,3.036,1.3800000000000001
2026-01,PyPiPackaging,windows,"Windows (3.8, cp38)",3,132.61666666666667,134,0.0,2.948,1.34
2026-01,PyPiPackaging,windows,"Windows (3.9, cp39)",3,135.1,136,0.0,2.992,1.36
2026-02,BuildUSD,linux,linux,30,1508.0166666666669,1522,0.0,18.264,9.132
2026-02,BuildUSD,linux,validation,30,12.066666666666665,30,0.0,0.36000000000000015,0.18000000000000008
2026-02,BuildUSD,linux,wasm32,1,58.18333333333333,59,0.0,0.708,0.354
2026-02,BuildUSD,linux,wasm64,6,195.20000000000002,198,0.0,2.376,1.188
2026-02,BuildUSD,macos,macos,31,1935.0,1953,0.0,121.08600000000001,121.08600000000001
2026-02,BuildUSD,windows,windows,30,2491.333333333334,2506,0.0,55.132,25.060000000000002
2026-02,PyPiPackaging,linux,CollectPackages,9,3.75,9,0.0,0.10799999999999998,0.05399999999999999
2026-02,PyPiPackaging,linux,"Linux (cp310, /opt/python/cp310-cp310/bin/python, 3.10)",9,271.09999999999997,276,0.0,3.3119999999999994,1.6559999999999997
2026-02,PyPiPackaging,linux,"Linux (cp311, /opt/python/cp311-cp311/bin/python, 3.11)",9,271.96666666666664,276,0.0,3.312,1.656
2026-02,PyPiPackaging,linux,"Linux (cp312, /opt/python/cp312-cp312/bin/python, 3.12)",9,268.8333333333333,274,0.0,3.288,1.644
2026-02,PyPiPackaging,linux,"Linux (cp313, /opt/python/cp313-cp313/bin/python, 3.13.5)",9,271.06666666666666,276,0.0,3.3119999999999994,1.6559999999999997
2026-02,PyPiPackaging,linux,"Linux (cp38, /opt/python/cp38-cp38/bin/python, 3.8)",9,270.15,275,0.0,3.3,1.65
2026-02,PyPiPackaging,linux,"Linux (cp39, /opt/python/cp39-cp39/bin/python, 3.9)",9,270.56666666666666,275,0.0,3.2999999999999994,1.6499999999999997
2026-02,PyPiPackaging,linux,"Test (Linux_Python310, 3.10, ubuntu-22.04, python3)",7,4.1,7,0.0,0.08399999999999999,0.041999999999999996
2026-02,PyPiPackaging,linux,"Test (Linux_Python311, 3.11, ubuntu-22.04, python3)",7,4.133333333333334,7,0.0,0.08399999999999999,0.041999999999999996
2026-02,PyPiPackaging,linux,"Test (Linux_Python312, 3.12, ubuntu-22.04, python3)",7,4.716666666666668,8,0.0,0.09599999999999999,0.047999999999999994
2026-02,PyPiPackaging,linux,"Test (Linux_Python313, 3.13.5, ubuntu-22.04, python3)",7,3.75,7,0.0,0.08399999999999999,0.041999999999999996
2026-02,PyPiPackaging,linux,"Test (Linux_Python38, 3.8, ubuntu-22.04, python3)",7,4.216666666666667,7,0.0,0.08399999999999999,0.041999999999999996
2026-02,PyPiPackaging,linux,"Test (Linux_Python39, 3.9, ubuntu-22.04, python3)",7,3.8,7,0.0,0.08399999999999999,0.041999999999999996
2026-02,PyPiPackaging,macos,"Test (Mac_Python310, 3.10, macos-15, python3)",7,8.116666666666667,12,0.0,0.744,0.744
2026-02,PyPiPackaging,macos,"Test (Mac_Python311, 3.11, macos-15, python3)",7,6.0,10,0.0,0.62,0.62
2026-02,PyPiPackaging,macos,"Test (Mac_Python312, 3.12, macos-15, python3)",7,5.85,9,0.0,0.558,0.558
2026-02,PyPiPackaging,macos,"Test (Mac_Python313, 3.13.5, macos-15, python3)",7,7.766666666666667,13,0.0,0.806,0.806
2026-02,PyPiPackaging,macos,"Test (Mac_Python38, 3.8, macos-15, python3)",7,10.999999999999998,14,0.0,0.868,0.868
2026-02,PyPiPackaging,macos,"Test (Mac_Python39, 3.9, macos-15, python3)",7,6.9,12,0.0,0.744,0.744
2026-02,PyPiPackaging,macos,"macOS (3.10, python3.10, cp310)",1,1.7,2,0.0,0.124,0.124
2026-02,PyPiPackaging,macos,"macOS (3.10, python3.10, cp310, 16.0, 0.13.0)",8,375.9166666666667,379,0.0,23.497999999999998,23.497999999999998
2026-02,PyPiPackaging,macos,"macOS (3.11, python3.11, cp311)",1,1.7166666666666666,2,0.0,0.124,0.124
2026-02,PyPiPackaging,macos,"macOS (3.11, python3.11, cp311, 16.0, 0.13.0)",8,460.93333333333334,463,0.0,28.706000000000003,28.706000000000003
2026-02,PyPiPackaging,macos,"macOS (3.12, python3.12, cp312)",1,1.7333333333333334,2,0.0,0.124,0.124
2026-02,PyPiPackaging,macos,"macOS (3.12, python3.12, cp312, 16.0, 0.13.0)",8,476.9666666666667,481,0.0,29.822,29.822
2026-02,PyPiPackaging,macos,"macOS (3.13.5, python3.13, cp313)",1,1.6833333333333333,2,0.0,0.124,0.124
2026-02,PyPiPackaging,macos,"macOS (3.13.5, python3.13, cp313, 16.0, 0.13.0)",8,464.8666666666666,470,0.0,29.140000000000004,29.140000000000004
2026-02,PyPiPackaging,macos,"macOS (3.8, python3.8, cp38)",1,1.4,2,0.0,0.124,0.124
2026-02,PyPiPackaging,macos,"macOS (3.8, python3.8, cp38, 26.0, 0.10.7)",8,454.0,458,0.0,28.396,28.396
2026-02,PyPiPackaging,macos,"macOS (3.9, python3.9, cp39)",1,1.8,2,0.0,0.124,0.124
2026-02,PyPiPackaging,macos,"macOS (3.9, python3.9, cp39, 16.0, 0.13.0)",8,453.2833333333333,458,0.0,28.395999999999997,28.395999999999997
2026-02,PyPiPackaging,windows,"Test (Windows_Python310, 3.10, windows-2022, python3)",7,6.9333333333333345,8,0.0,0.17599999999999996,0.08
2026-02,PyPiPackaging,windows,"Test (Windows_Python311, 3.11, windows-2022, python3)",7,5.9833333333333325,9,0.0,0.198,0.09000000000000001
2026-02,PyPiPackaging,windows,"Test (Windows_Python312, 3.12, windows-2022, python3)",7,4.966666666666667,7,0.0,0.15399999999999997,0.07
2026-02,PyPiPackaging,windows,"Test (Windows_Python313, 3.13.5, windows-2022, python3)",7,10.1,14,0.0,0.30799999999999994,0.14
2026-02,PyPiPackaging,windows,"Test (Windows_Python38, 3.8, windows-2022, python3)",7,9.35,14,0.0,0.30799999999999994,0.14
2026-02,PyPiPackaging,windows,"Test (Windows_Python39, 3.9, windows-2022, python3)",7,9.716666666666667,14,0.0,0.30799999999999994,0.14
2026-02,PyPiPackaging,windows,"Windows (3.10, cp310)",9,394.7833333333333,400,0.0,8.8,4.0
2026-02,PyPiPackaging,windows,"Windows (3.11, cp311)",9,399.5666666666666,403,0.0,8.866,4.03
2026-02,PyPiPackaging,windows,"Windows (3.12, cp312)",9,403.01666666666665,408,0.0,8.975999999999999,4.08
2026-02,PyPiPackaging,windows,"Windows (3.13.5, cp313)",9,414.0166666666667,418,0.0,9.196000000000002,4.180000000000001
2026-02,PyPiPackaging,windows,"Windows (3.8, cp38)",9,404.1166666666666,409,0.0,8.998000000000001,4.090000000000001
2026-02,PyPiPackaging,windows,"Windows (3.9, cp39)",9,404.54999999999995,409,0.0,8.998000000000001,4.09
2026-03,BuildUSD,linux,linux,32,1822.3333333333337,1839,0.0,22.067999999999994,11.033999999999997
2026-03,BuildUSD,linux,validation,32,15.38333333333333,34,0.0,0.4080000000000002,0.2040000000000001
2026-03,BuildUSD,linux,wasm32,32,1815.8833333333334,1830,0.0,21.96,10.98
2026-03,BuildUSD,linux,wasm64,32,1826.033333333333,1840,0.0,22.080000000000002,11.040000000000001
2026-03,BuildUSD,linux_gpu,linux_gpu,7,58.71666666666667,62,3.2239999999999998,3.2239999999999998,3.2239999999999998
2026-03,BuildUSD,macos,macos,33,1664.7833333333333,1686,0.0,104.53199999999998,104.53199999999998
2026-03,BuildUSD,windows,windows,33,2941.733333333333,2958,0.0,65.076,29.58000000000001
2026-03,Copilot code review,linux,Agent,1,0.9166666666666666,1,0.0,0.012,0.006
2026-03,Copilot code review,linux,Cleanup artifacts,1,0.06666666666666667,1,0.0,0.012,0.006
2026-03,Copilot code review,linux,Prepare,1,0.1,1,0.0,0.012,0.006
2026-03,Copilot code review,linux,Upload results,1,0.18333333333333332,1,0.0,0.012,0.006
2026-03,PyPiPackaging,linux,CollectPackages,9,3.5666666666666664,9,0.0,0.10799999999999998,0.05399999999999999
2026-03,PyPiPackaging,linux,"Linux (cp310, /opt/python/cp310-cp310/bin/python, 3.10)",8,213.21666666666667,217,0.0,2.6039999999999996,1.3019999999999998
2026-03,PyPiPackaging,linux,"Linux (cp311, /opt/python/cp311-cp311/bin/python, 3.11)",8,209.8,212,0.0,2.5439999999999996,1.2719999999999998
2026-03,PyPiPackaging,linux,"Linux (cp312, /opt/python/cp312-cp312/bin/python, 3.12)",8,212.0,215,0.0,2.58,1.29
2026-03,PyPiPackaging,linux,"Linux (cp313, /opt/python/cp313-cp313/bin/python, 3.13.5)",8,215.03333333333333,220,0.0,2.64,1.32
2026-03,PyPiPackaging,linux,"Linux (cp38, /opt/python/cp38-cp38/bin/python, 3.8)",8,209.36666666666667,215,0.0,2.58,1.29
2026-03,PyPiPackaging,linux,"Linux (cp39, /opt/python/cp39-cp39/bin/python, 3.9)",8,213.7,217,0.0,2.6039999999999996,1.3019999999999998
2026-03,PyPiPackaging,linux,"Test (Linux_Python310, 3.10, ubuntu-22.04, python3)",9,4.550000000000001,9,0.0,0.10799999999999998,0.05399999999999999
2026-03,PyPiPackaging,linux,"Test (Linux_Python311, 3.11, ubuntu-22.04, python3)",8,3.85,8,0.0,0.09599999999999999,0.047999999999999994
2026-03,PyPiPackaging,linux,"Test (Linux_Python312, 3.12, ubuntu-22.04, python3)",8,4.133333333333333,8,0.0,0.09599999999999999,0.047999999999999994
2026-03,PyPiPackaging,linux,"Test (Linux_Python313, 3.13.5, ubuntu-22.04, python3)",8,5.766666666666667,8,0.0,0.09599999999999999,0.047999999999999994
2026-03,PyPiPackaging,linux,"Test (Linux_Python38, 3.8, ubuntu-22.04, python3)",8,6.333333333333333,10,0.0,0.12,0.06
2026-03,PyPiPackaging,linux,"Test (Linux_Python39, 3.9, ubuntu-22.04, python3)",9,5.9,9,0.0,0.10799999999999998,0.05399999999999999
2026-03,PyPiPackaging,macos,"Test (Mac_Python310, 3.10, macos-15, python3)",9,11.7,18,0.0,1.116,1.116
2026-03,PyPiPackaging,macos,"Test (Mac_Python311, 3.11, macos-15, python3)",9,7.25,10,0.0,0.6200000000000001,0.6200000000000001
2026-03,PyPiPackaging,macos,"Test (Mac_Python312, 3.12, macos-15, python3)",9,7.633333333333334,11,0.0,0.6820000000000002,0.6820000000000002
2026-03,PyPiPackaging,macos,"Test (Mac_Python313, 3.13.5, macos-15, python3)",9,12.150000000000002,16,0.0,0.992,0.992
2026-03,PyPiPackaging,macos,"Test (Mac_Python38, 3.8, macos-15, python3)",9,15.049999999999995,18,0.0,1.116,1.116
2026-03,PyPiPackaging,macos,"Test (Mac_Python39, 3.9, macos-15, python3)",9,13.183333333333334,18,0.0,1.116,1.116
2026-03,PyPiPackaging,macos,"macOS (3.10, python3.10, cp310, 16.0, 0.13.0)",8,347.26666666666665,352,0.0,21.823999999999998,21.823999999999998
2026-03,PyPiPackaging,macos,"macOS (3.11, python3.11, cp311, 16.0, 0.13.0)",8,348.1666666666667,353,0.0,21.886,21.886
2026-03,PyPiPackaging,macos,"macOS (3.12, python3.12, cp312, 16.0, 0.13.0)",8,349.68333333333334,354,0.0,21.948,21.948
2026-03,PyPiPackaging,macos,"macOS (3.13.5, python3.13, cp313, 16.0, 0.13.0)",8,339.6,342,0.0,21.204,21.204
2026-03,PyPiPackaging,macos,"macOS (3.8, python3.8, cp38, 26.0, 0.10.7)",8,337.2333333333334,340,0.0,21.08,21.08
2026-03,PyPiPackaging,macos,"macOS (3.9, python3.9, cp39, 16.0, 0.13.0)",9,393.7,398,0.0,24.676000000000002,24.676000000000002
2026-03,PyPiPackaging,windows,"Test (Windows_Python310, 3.10, windows-2022, python3)",9,6.9,9,0.0,0.19799999999999995,0.09
2026-03,PyPiPackaging,windows,"Test (Windows_Python311, 3.11, windows-2022, python3)",9,7.4,10,0.0,0.21999999999999995,0.1
2026-03,PyPiPackaging,windows,"Test (Windows_Python312, 3.12, windows-2022, python3)",9,7.449999999999999,10,0.0,0.21999999999999997,0.09999999999999999
2026-03,PyPiPackaging,windows,"Test (Windows_Python313, 3.13.5, windows-2022, python3)",9,12.416666666666666,17,0.0,0.3739999999999999,0.16999999999999998
2026-03,PyPiPackaging,windows,"Test (Windows_Python38, 3.8, windows-2022, python3)",10,14.683333333333334,21,0.0,0.4619999999999999,0.20999999999999996
2026-03,PyPiPackaging,windows,"Test (Windows_Python39, 3.9, windows-2022, python3)",9,12.433333333333334,17,0.0,0.3739999999999999,0.16999999999999998
2026-03,PyPiPackaging,windows,"Windows (3.10, cp310)",8,353.84999999999997,358,0.0,7.8759999999999994,3.5800000000000005
2026-03,PyPiPackaging,windows,"Windows (3.11, cp311)",8,359.2833333333333,364,0.0,8.008000000000001,3.6400000000000006
2026-03,PyPiPackaging,windows,"Windows (3.12, cp312)",8,352.91666666666663,357,0.0,7.854000000000001,3.5700000000000003
2026-03,PyPiPackaging,windows,"Windows (3.13.5, cp313)",8,364.26666666666665,368,0.0,8.096,3.68
2026-03,PyPiPackaging,windows,"Windows (3.8, cp38)",8,360.8,364,0.0,8.008000000000001,3.64
2026-03,PyPiPackaging,windows,"Windows (3.9, cp39)",8,363.55,367,0.0,8.074000000000002,3.67
2026-04,BuildUSD,linux,linux,35,2061.5333333333338,2078,0.0,24.935999999999996,12.467999999999998
2026-04,BuildUSD,linux,validation,36,14.250000000000004,36,0.0,0.4320000000000002,0.2160000000000001
2026-04,BuildUSD,linux,wasm32,41,2212.5333333333333,2233,0.0,26.795999999999996,13.397999999999998
2026-04,BuildUSD,linux,wasm64,41,2261.516666666666,2284,0.0,27.408,13.704
2026-04,BuildUSD,linux_gpu,linux_gpu,12,107.2,112,5.824,5.824,5.824
2026-04,BuildUSD,macos,macos,36,2056.65,2073,0.0,128.52599999999998,128.52599999999998
2026-04,BuildUSD,windows,windows,36,4498.566666666666,4517,0.0,99.37399999999998,45.17000000000001
2026-04,PyPiPackaging,linux,CollectPackages,12,5.1,12,0.0,0.144,0.072
2026-04,PyPiPackaging,linux,"Linux (cp310, /opt/python/cp310-cp310/bin/python, 3.10)",11,321.3500000000001,328,0.0,3.9359999999999995,1.9679999999999997
2026-04,PyPiPackaging,linux,"Linux (cp311, /opt/python/cp311-cp311/bin/python, 3.11)",11,319.85,325,0.0,3.8999999999999995,1.9499999999999997
2026-04,PyPiPackaging,linux,"Linux (cp312, /opt/python/cp312-cp312/bin/python, 3.12)",11,325.28333333333336,328,0.0,3.935999999999999,1.9679999999999995
2026-04,PyPiPackaging,linux,"Linux (cp313, /opt/python/cp313-cp313/bin/python, 3.13.5)",11,327.90000000000003,332,0.0,3.9839999999999995,1.9919999999999998
2026-04,PyPiPackaging,linux,"Linux (cp314, /opt/python/cp314-cp314/bin/python, 3.14.3)",9,270.65000000000003,275,0.0,3.2999999999999994,1.6499999999999997
2026-04,PyPiPackaging,linux,"Linux (cp38, /opt/python/cp38-cp38/bin/python, 3.8)",2,59.400000000000006,61,0.0,0.732,0.366
2026-04,PyPiPackaging,linux,"Linux (cp39, /opt/python/cp39-cp39/bin/python, 3.9)",11,334.58333333333337,340,0.0,4.08,2.04
2026-04,PyPiPackaging,linux,"Test (Linux_Python310, 3.10, ubuntu-22.04, python3)",11,6.700000000000001,11,0.0,0.13199999999999998,0.06599999999999999
2026-04,PyPiPackaging,linux,"Test (Linux_Python311, 3.11, ubuntu-22.04, python3)",11,7.316666666666668,12,0.0,0.144,0.072
2026-04,PyPiPackaging,linux,"Test (Linux_Python312, 3.12, ubuntu-22.04, python3)",11,5.983333333333334,11,0.0,0.13199999999999998,0.06599999999999999
2026-04,PyPiPackaging,linux,"Test (Linux_Python313, 3.13.5, ubuntu-22.04, python3)",11,7.066666666666667,12,0.0,0.144,0.072
2026-04,PyPiPackaging,linux,"Test (Linux_Python314, 3.14.3, ubuntu-22.04, python3)",9,6.749999999999999,9,0.0,0.10799999999999998,0.05399999999999999
2026-04,PyPiPackaging,linux,"Test (Linux_Python38, 3.8, ubuntu-22.04, python3)",2,0.9,2,0.0,0.024,0.012
2026-04,PyPiPackaging,linux,"Test (Linux_Python39, 3.9, ubuntu-22.04, python3)",11,6.666666666666667,12,0.0,0.144,0.072
2026-04,PyPiPackaging,macos,"Test (Mac_Python310, 3.10, macos-15, python3)",12,12.23333333333333,19,0.0,1.178,1.178
2026-04,PyPiPackaging,macos,"Test (Mac_Python311, 3.11, macos-15, python3)",11,8.583333333333334,14,0.0,0.8680000000000001,0.8680000000000001
2026-04,PyPiPackaging,macos,"Test (Mac_Python312, 3.12, macos-15, python3)",12,10.333333333333332,16,0.0,0.9920000000000002,0.9920000000000002
2026-04,PyPiPackaging,macos,"Test (Mac_Python313, 3.13.5, macos-15, python3)",11,10.566666666666666,14,0.0,0.868,0.868
2026-04,PyPiPackaging,macos,"Test (Mac_Python314, 3.14.3, macos-15, python3)",10,9.366666666666665,13,0.0,0.806,0.806
2026-04,PyPiPackaging,macos,"Test (Mac_Python38, 3.8, macos-15, python3)",2,2.7666666666666666,4,0.0,0.248,0.248
2026-04,PyPiPackaging,macos,"Test (Mac_Python39, 3.9, macos-15, python3)",11,9.75,14,0.0,0.8680000000000001,0.8680000000000001
2026-04,PyPiPackaging,macos,"macOS (3.10, python3.10, cp310)",9,382.01666666666665,387,0.0,23.994,23.994
2026-04,PyPiPackaging,macos,"macOS (3.10, python3.10, cp310, 16.0, 0.13.0)",2,92.15,93,0.0,5.766,5.766
2026-04,PyPiPackaging,macos,"macOS (3.11, python3.11, cp311)",9,369.15000000000003,372,0.0,23.064000000000004,23.064000000000004
2026-04,PyPiPackaging,macos,"macOS (3.11, python3.11, cp311, 16.0, 0.13.0)",2,73.41666666666667,74,0.0,4.588,4.588
2026-04,PyPiPackaging,macos,"macOS (3.12, python3.12, cp312)",10,408.04999999999995,411,0.0,25.482,25.482
2026-04,PyPiPackaging,macos,"macOS (3.12, python3.12, cp312, 16.0, 0.13.0)",2,88.0,89,0.0,5.518000000000001,5.518000000000001
2026-04,PyPiPackaging,macos,"macOS (3.13.5, python3.13, cp313)",9,361.58333333333337,365,0.0,22.63,22.63
2026-04,PyPiPackaging,macos,"macOS (3.13.5, python3.13, cp313, 16.0, 0.13.0)",2,93.23333333333333,94,0.0,5.828,5.828
2026-04,PyPiPackaging,macos,"macOS (3.14.3, python3.14, cp314)",9,385.8833333333333,390,0.0,24.18,24.18
2026-04,PyPiPackaging,macos,"macOS (3.8, python3.8, cp38, 26.0, 0.10.7)",2,90.16666666666667,91,0.0,5.6419999999999995,5.6419999999999995
2026-04,PyPiPackaging,macos,"macOS (3.9, python3.9, cp39)",10,450.56666666666666,454,0.0,28.148,28.148
2026-04,PyPiPackaging,macos,"macOS (3.9, python3.9, cp39, 16.0, 0.13.0)",2,73.58333333333334,75,0.0,4.65,4.65
2026-04,PyPiPackaging,windows,"Test (Windows_Python310, 3.10, windows-2022, python3)",11,8.999999999999998,13,0.0,0.286,0.13
2026-04,PyPiPackaging,windows,"Test (Windows_Python311, 3.11, windows-2022, python3)",11,9.049999999999999,12,0.0,0.26399999999999996,0.11999999999999998
2026-04,PyPiPackaging,windows,"Test (Windows_Python312, 3.12, windows-2022, python3)",11,8.55,12,0.0,0.26399999999999996,0.12
2026-04,PyPiPackaging,windows,"Test (Windows_Python313, 3.13.5, windows-2022, python3)",12,19.73333333333333,26,0.0,0.572,0.26
2026-04,PyPiPackaging,windows,"Test (Windows_Python314, 3.14.3, windows-2022, python3)",9,9.816666666666666,14,0.0,0.30799999999999994,0.14
2026-04,PyPiPackaging,windows,"Test (Windows_Python38, 3.8, windows-2022, python3)",2,2.8833333333333333,4,0.0,0.088,0.04
2026-04,PyPiPackaging,windows,"Test (Windows_Python39, 3.9, windows-2022, python3)",12,16.766666666666666,25,0.0,0.5499999999999999,0.24999999999999997
2026-04,PyPiPackaging,windows,"Windows (3.10, cp310)",12,545.3000000000001,550,0.0,12.1,5.5
2026-04,PyPiPackaging,windows,"Windows (3.11, cp311)",11,489.2166666666667,495,0.0,10.889999999999999,4.95
2026-04,PyPiPackaging,windows,"Windows (3.12, cp312)",11,484.9,491,0.0,10.802,4.91
2026-04,PyPiPackaging,windows,"Windows (3.13.5, cp313)",11,464.08333333333337,468,0.0,10.296,4.680000000000001
2026-04,PyPiPackaging,windows,"Windows (3.14.3, cp314)",9,404.5666666666666,411,0.0,9.042,4.11
2026-04,PyPiPackaging,windows,"Windows (3.8, cp38)",2,91.9,93,0.0,2.0460000000000003,0.93
2026-04,PyPiPackaging,windows,"Windows (3.9, cp39)",11,496.20000000000005,501,0.0,11.022,5.010000000000001
2026-05,BuildUSD,linux,linux,23,1336.25,1347,0.0,16.164,8.082
2026-05,BuildUSD,linux,validation,24,10.766666666666667,24,0.0,0.2880000000000001,0.14400000000000004
2026-05,BuildUSD,linux,wasm32,23,1144.4666666666665,1153,0.0,13.835999999999999,6.917999999999999
2026-05,BuildUSD,linux,wasm64,23,1130.3833333333332,1142,0.0,13.703999999999999,6.851999999999999
2026-05,BuildUSD,linux_gpu,linux_gpu,6,39.98333333333333,43,2.2359999999999998,2.2359999999999998,2.2359999999999998
2026-05,BuildUSD,macos,macos,23,1326.2500000000002,1340,0.0,83.08,83.08
2026-05,BuildUSD,windows,windows,23,3383.983333333333,3395,0.0,74.69,33.95
2026-05,Graph Update: pip in /build_scripts/pypi/package_files #1373106687,linux,update-pip-graph,1,0.75,1,0.0,0.012,0.006
2026-05,PyPiPackaging,linux,CollectPackages,4,1.7000000000000002,4,0.0,0.048,0.024
2026-05,PyPiPackaging,linux,"Linux (cp310, /opt/python/cp310-cp310/bin/python, 3.10)",4,112.88333333333333,114,0.0,1.3679999999999999,0.6839999999999999
2026-05,PyPiPackaging,linux,"Linux (cp311, /opt/python/cp311-cp311/bin/python, 3.11)",4,121.95,124,0.0,1.488,0.744
2026-05,PyPiPackaging,linux,"Linux (cp312, /opt/python/cp312-cp312/bin/python, 3.12)",4,122.64999999999999,125,0.0,1.5,0.75
2026-05,PyPiPackaging,linux,"Linux (cp313, /opt/python/cp313-cp313/bin/python, 3.13.5)",4,123.75,126,0.0,1.512,0.756
2026-05,PyPiPackaging,linux,"Linux (cp314, /opt/python/cp314-cp314/bin/python, 3.14.3)",4,122.56666666666666,125,0.0,1.5,0.75
2026-05,PyPiPackaging,linux,"Linux (cp39, /opt/python/cp39-cp39/bin/python, 3.9)",4,120.26666666666667,122,0.0,1.464,0.732
2026-05,PyPiPackaging,linux,"Test (Linux_Python310, 3.10, ubuntu-22.04, python3)",4,2.5999999999999996,5,0.0,0.060000000000000005,0.030000000000000002
2026-05,PyPiPackaging,linux,"Test (Linux_Python311, 3.11, ubuntu-22.04, python3)",4,2.216666666666667,5,0.0,0.06,0.03
2026-05,PyPiPackaging,linux,"Test (Linux_Python312, 3.12, ubuntu-22.04, python3)",4,1.8833333333333335,4,0.0,0.048,0.024
2026-05,PyPiPackaging,linux,"Test (Linux_Python313, 3.13.5, ubuntu-22.04, python3)",4,2.583333333333333,4,0.0,0.048,0.024
2026-05,PyPiPackaging,linux,"Test (Linux_Python314, 3.14.3, ubuntu-22.04, python3)",4,2.35,4,0.0,0.048,0.024
2026-05,PyPiPackaging,linux,"Test (Linux_Python39, 3.9, ubuntu-22.04, python3)",4,2.9499999999999997,4,0.0,0.048,0.024
2026-05,PyPiPackaging,macos,"Test (Mac_Python310, 3.10, macos-15, python3)",4,4.016666666666667,7,0.0,0.434,0.434
2026-05,PyPiPackaging,macos,"Test (Mac_Python311, 3.11, macos-15, python3)",4,2.783333333333333,5,0.0,0.31,0.31
2026-05,PyPiPackaging,macos,"Test (Mac_Python312, 3.12, macos-15, python3)",4,3.2,6,0.0,0.372,0.372
2026-05,PyPiPackaging,macos,"Test (Mac_Python313, 3.13.5, macos-15, python3)",4,4.316666666666666,6,0.0,0.372,0.372
2026-05,PyPiPackaging,macos,"Test (Mac_Python314, 3.14.3, macos-15, python3)",4,4.75,6,0.0,0.372,0.372
2026-05,PyPiPackaging,macos,"Test (Mac_Python39, 3.9, macos-15, python3)",4,4.1,6,0.0,0.372,0.372
2026-05,PyPiPackaging,macos,"macOS (3.10, python3.10, cp310)",4,169.36666666666667,171,0.0,10.601999999999999,10.601999999999999
2026-05,PyPiPackaging,macos,"macOS (3.11, python3.11, cp311)",4,172.2166666666667,174,0.0,10.788,10.788
2026-05,PyPiPackaging,macos,"macOS (3.12, python3.12, cp312)",4,164.25,166,0.0,10.292,10.292
2026-05,PyPiPackaging,macos,"macOS (3.13.5, python3.13, cp313)",4,170.91666666666666,174,0.0,10.788,10.788
2026-05,PyPiPackaging,macos,"macOS (3.14.3, python3.14, cp314)",4,170.38333333333333,173,0.0,10.726,10.726
2026-05,PyPiPackaging,macos,"macOS (3.9, python3.9, cp39)",4,167.03333333333333,170,0.0,10.540000000000001,10.540000000000001
2026-05,PyPiPackaging,windows,"Test (Windows_Python310, 3.10, windows-2022, python3)",4,3.2,4,0.0,0.088,0.04
2026-05,PyPiPackaging,windows,"Test (Windows_Python311, 3.11, windows-2022, python3)",4,3.7333333333333334,5,0.0,0.10999999999999999,0.05
2026-05,PyPiPackaging,windows,"Test (Windows_Python312, 3.12, windows-2022, python3)",4,3.1,4,0.0,0.088,0.04
2026-05,PyPiPackaging,windows,"Test (Windows_Python313, 3.13.5, windows-2022, python3)",4,6.75,9,0.0,0.198,0.09
2026-05,PyPiPackaging,windows,"Test (Windows_Python314, 3.14.3, windows-2022, python3)",4,5.933333333333334,8,0.0,0.176,0.08
2026-05,PyPiPackaging,windows,"Test (Windows_Python39, 3.9, windows-2022, python3)",4,6.0166666666666675,8,0.0,0.176,0.08
2026-05,PyPiPackaging,windows,"Windows (3.10, cp310)",4,163.66666666666666,166,0.0,3.6519999999999997,1.66
2026-05,PyPiPackaging,windows,"Windows (3.11, cp311)",4,170.06666666666666,172,0.0,3.7840000000000003,1.72
2026-05,PyPiPackaging,windows,"Windows (3.12, cp312)",4,178.04999999999998,181,0.0,3.982,1.8099999999999998
2026-05,PyPiPackaging,windows,"Windows (3.13.5, cp313)",4,175.54999999999998,178,0.0,3.9159999999999995,1.78
2026-05,PyPiPackaging,windows,"Windows (3.14.3, cp314)",4,179.09999999999997,181,0.0,3.9819999999999993,1.81
2026-05,PyPiPackaging,windows,"Windows (3.9, cp39)",4,180.46666666666667,183,0.0,4.026,1.83
2026-06,BuildUSD,linux,linux,31,1959.8833333333334,1974,0.0,23.688,11.844
2026-06,BuildUSD,linux,validation,32,17.116666666666667,33,0.0,0.39600000000000024,0.19800000000000012
2026-06,BuildUSD,linux,wasm32,32,333.8166666666667,346,0.0,4.152,2.076
2026-06,BuildUSD,linux,wasm64,32,346.2166666666667,359,0.0,4.308000000000001,2.1540000000000004
2026-06,BuildUSD,linux_gpu,linux_gpu,3,21.583333333333332,24,1.248,1.248,1.248
2026-06,BuildUSD,macos,macos,31,1974.6833333333336,1988,0.0,123.256,123.256
2026-06,BuildUSD,windows,windows,32,1773.4999999999993,1790,0.0,39.38,17.9
2026-06,PyPiPackaging,linux,CollectPackages,3,1.2,3,0.0,0.036000000000000004,0.018000000000000002
2026-06,PyPiPackaging,linux,"Linux (cp310, /opt/python/cp310-cp310/bin/python, 3.10)",3,93.95,96,0.0,1.1520000000000001,0.5760000000000001
2026-06,PyPiPackaging,linux,"Linux (cp311, /opt/python/cp311-cp311/bin/python, 3.11)",3,87.5,90,0.0,1.08,0.54
2026-06,PyPiPackaging,linux,"Linux (cp312, /opt/python/cp312-cp312/bin/python, 3.12)",3,94.76666666666667,96,0.0,1.1520000000000001,0.5760000000000001
2026-06,PyPiPackaging,linux,"Linux (cp313, /opt/python/cp313-cp313/bin/python, 3.13.5)",3,94.68333333333334,96,0.0,1.1520000000000001,0.5760000000000001
2026-06,PyPiPackaging,linux,"Linux (cp314, /opt/python/cp314-cp314/bin/python, 3.14.3)",3,81.76666666666667,83,0.0,0.996,0.498
2026-06,PyPiPackaging,linux,"Linux (cp39, /opt/python/cp39-cp39/bin/python, 3.9)",3,90.51666666666667,91,0.0,1.092,0.546
2026-06,PyPiPackaging,linux,"Test (Linux_Python310, 3.10, ubuntu-22.04, python3)",3,1.75,3,0.0,0.036000000000000004,0.018000000000000002
2026-06,PyPiPackaging,linux,"Test (Linux_Python311, 3.11, ubuntu-22.04, python3)",3,1.4,3,0.0,0.036000000000000004,0.018000000000000002
2026-06,PyPiPackaging,linux,"Test (Linux_Python312, 3.12, ubuntu-22.04, python3)",3,1.55,3,0.0,0.036000000000000004,0.018000000000000002
2026-06,PyPiPackaging,linux,"Test (Linux_Python313, 3.13.5, ubuntu-22.04, python3)",3,2.0500000000000003,3,0.0,0.036000000000000004,0.018000000000000002
2026-06,PyPiPackaging,linux,"Test (Linux_Python314, 3.14.3, ubuntu-22.04, python3)",3,2.1166666666666667,3,0.0,0.036000000000000004,0.018000000000000002
2026-06,PyPiPackaging,linux,"Test (Linux_Python39, 3.9, ubuntu-22.04, python3)",3,1.7833333333333332,3,0.0,0.036000000000000004,0.018000000000000002
2026-06,PyPiPackaging,macos,"Test (Mac_Python310, 3.10, macos-15, python3)",3,3.283333333333333,6,0.0,0.372,0.372
2026-06,PyPiPackaging,macos,"Test (Mac_Python311, 3.11, macos-15, python3)",3,2.7333333333333334,4,0.0,0.248,0.248
2026-06,PyPiPackaging,macos,"Test (Mac_Python312, 3.12, macos-15, python3)",3,2.3,3,0.0,0.186,0.186
2026-06,PyPiPackaging,macos,"Test (Mac_Python313, 3.13.5, macos-15, python3)",3,3.4,5,0.0,0.31,0.31
2026-06,PyPiPackaging,macos,"Test (Mac_Python314, 3.14.3, macos-15, python3)",3,3.1166666666666667,4,0.0,0.248,0.248
2026-06,PyPiPackaging,macos,"Test (Mac_Python39, 3.9, macos-15, python3)",3,2.0666666666666664,3,0.0,0.186,0.186
2026-06,PyPiPackaging,macos,"macOS (3.10, python3.10, cp310)",3,104.88333333333333,106,0.0,6.572,6.572
2026-06,PyPiPackaging,macos,"macOS (3.11, python3.11, cp311)",3,103.03333333333335,104,0.0,6.448,6.448
2026-06,PyPiPackaging,macos,"macOS (3.12, python3.12, cp312)",3,108.86666666666667,110,0.0,6.819999999999999,6.819999999999999
2026-06,PyPiPackaging,macos,"macOS (3.13.5, python3.13, cp313)",3,103.48333333333333,105,0.0,6.51,6.51
2026-06,PyPiPackaging,macos,"macOS (3.14.3, python3.14, cp314)",3,136.36666666666667,138,0.0,8.556000000000001,8.556000000000001
2026-06,PyPiPackaging,macos,"macOS (3.9, python3.9, cp39)",3,108.28333333333332,111,0.0,6.882000000000001,6.882000000000001
2026-06,PyPiPackaging,windows,"Test (Windows_Python310, 3.10, windows-2022, python3)",3,2.783333333333333,4,0.0,0.088,0.04
2026-06,PyPiPackaging,windows,"Test (Windows_Python311, 3.11, windows-2022, python3)",3,2.4333333333333336,3,0.0,0.066,0.03
2026-06,PyPiPackaging,windows,"Test (Windows_Python312, 3.12, windows-2022, python3)",3,3.4166666666666665,4,0.0,0.088,0.04
2026-06,PyPiPackaging,windows,"Test (Windows_Python313, 3.13.5, windows-2022, python3)",3,4.25,6,0.0,0.132,0.06
2026-06,PyPiPackaging,windows,"Test (Windows_Python314, 3.14.3, windows-2022, python3)",3,5.383333333333333,7,0.0,0.154,0.07
2026-06,PyPiPackaging,windows,"Test (Windows_Python39, 3.9, windows-2022, python3)",3,3.716666666666667,6,0.0,0.132,0.06
2026-06,PyPiPackaging,windows,"Windows (3.10, cp310)",3,134.58333333333334,137,0.0,3.014,1.37
2026-06,PyPiPackaging,windows,"Windows (3.11, cp311)",3,135.25,137,0.0,3.014,1.37
2026-06,PyPiPackaging,windows,"Windows (3.12, cp312)",3,136.43333333333334,138,0.0,3.0359999999999996,1.3800000000000001
2026-06,PyPiPackaging,windows,"Windows (3.13.5, cp313)",3,137.81666666666666,139,0.0,3.058,1.3900000000000001
2026-06,PyPiPackaging,windows,"Windows (3.14.3, cp314)",3,123.16666666666669,124,0.0,2.7279999999999998,1.24
2026-06,PyPiPackaging,windows,"Windows (3.9, cp39)",3,121.81666666666666,124,0.0,2.7279999999999998,1.24
2026-07,BuildUSD,linux,linux,47,2984.600000000001,3009,0.0,36.108000000000004,18.054000000000002
2026-07,BuildUSD,linux,validation,49,24.83333333333334,49,0.0,0.5880000000000003,0.29400000000000015
2026-07,BuildUSD,linux,wasm32,47,2788.6000000000004,2810,0.0,33.720000000000006,16.860000000000003
2026-07,BuildUSD,linux,wasm64,47,2856.499999999999,2881,0.0,34.57199999999999,17.285999999999994
2026-07,BuildUSD,linux_gpu,linux_gpu,9,63.85,69,3.5879999999999996,3.5879999999999996,3.5879999999999996
2026-07,BuildUSD,macos,macos,47,2930.5666666666657,2951,0.0,182.962,182.962
2026-07,BuildUSD,windows,windows,47,1529.9666666666662,1552,0.0,34.143999999999984,15.519999999999992
2026-07,PyPiPackaging,linux,CollectPackages,6,2.5500000000000003,6,0.0,0.072,0.036
2026-07,PyPiPackaging,linux,"Linux (cp310, /opt/python/cp310-cp310/bin/python, 3.10)",6,185.81666666666666,189,0.0,2.2680000000000002,1.1340000000000001
2026-07,PyPiPackaging,linux,"Linux (cp311, /opt/python/cp311-cp311/bin/python, 3.11)",6,184.05,187,0.0,2.2439999999999998,1.1219999999999999
2026-07,PyPiPackaging,linux,"Linux (cp312, /opt/python/cp312-cp312/bin/python, 3.12)",6,168.00000000000003,171,0.0,2.0520000000000005,1.0260000000000002
2026-07,PyPiPackaging,linux,"Linux (cp313, /opt/python/cp313-cp313/bin/python, 3.13.5)",6,181.85,185,0.0,2.22,1.11
2026-07,PyPiPackaging,linux,"Linux (cp314, /opt/python/cp314-cp314/bin/python, 3.14.3)",6,186.0,189,0.0,2.268,1.134
2026-07,PyPiPackaging,linux,"Linux (cp39, /opt/python/cp39-cp39/bin/python, 3.9)",6,187.11666666666665,191,0.0,2.2920000000000003,1.1460000000000001
2026-07,PyPiPackaging,linux,"Test (Linux_Python310, 3.10, ubuntu-22.04, python3)",6,3.516666666666667,6,0.0,0.072,0.036
2026-07,PyPiPackaging,linux,"Test (Linux_Python311, 3.11, ubuntu-22.04, python3)",6,5.699999999999999,9,0.0,0.10800000000000001,0.054000000000000006
2026-07,PyPiPackaging,linux,"Test (Linux_Python312, 3.12, ubuntu-22.04, python3)",6,4.716666666666667,7,0.0,0.08399999999999999,0.041999999999999996
2026-07,PyPiPackaging,linux,"Test (Linux_Python313, 3.13.5, ubuntu-22.04, python3)",6,5.133333333333333,7,0.0,0.08399999999999999,0.041999999999999996
2026-07,PyPiPackaging,linux,"Test (Linux_Python314, 3.14.3, ubuntu-22.04, python3)",6,5.25,7,0.0,0.08399999999999999,0.041999999999999996
2026-07,PyPiPackaging,linux,"Test (Linux_Python39, 3.9, ubuntu-22.04, python3)",6,3.966666666666667,7,0.0,0.08399999999999999,0.041999999999999996
2026-07,PyPiPackaging,macos,"Test (Mac_Python310, 3.10, macos-15, python3)",6,6.883333333333333,10,0.0,0.62,0.62
2026-07,PyPiPackaging,macos,"Test (Mac_Python311, 3.11, macos-15, python3)",6,5.633333333333333,9,0.0,0.558,0.558
2026-07,PyPiPackaging,macos,"Test (Mac_Python312, 3.12, macos-15, python3)",6,4.433333333333334,7,0.0,0.434,0.434
2026-07,PyPiPackaging,macos,"Test (Mac_Python313, 3.13.5, macos-15, python3)",6,7.716666666666666,11,0.0,0.682,0.682
2026-07,PyPiPackaging,macos,"Test (Mac_Python314, 3.14.3, macos-15, python3)",6,7.4,10,0.0,0.62,0.62
2026-07,PyPiPackaging,macos,"Test (Mac_Python39, 3.9, macos-15, python3)",6,7.783333333333333,10,0.0,0.62,0.62
2026-07,PyPiPackaging,macos,"macOS (3.10, python3.10, cp310)",6,243.24999999999997,246,0.0,15.252,15.252
2026-07,PyPiPackaging,macos,"macOS (3.11, python3.11, cp311)",6,264.6833333333334,267,0.0,16.554000000000002,16.554000000000002
2026-07,PyPiPackaging,macos,"macOS (3.12, python3.12, cp312)",6,261.5333333333333,264,0.0,16.368000000000002,16.368000000000002
2026-07,PyPiPackaging,macos,"macOS (3.13.5, python3.13, cp313)",6,253.74999999999997,258,0.0,15.995999999999999,15.995999999999999
2026-07,PyPiPackaging,macos,"macOS (3.14.3, python3.14, cp314)",6,280.9666666666667,283,0.0,17.546,17.546
2026-07,PyPiPackaging,macos,"macOS (3.9, python3.9, cp39)",6,237.21666666666667,241,0.0,14.942,14.942
2026-07,PyPiPackaging,windows,"Test (Windows_Python310, 3.10, windows-2022, python3)",6,6.383333333333334,9,0.0,0.198,0.09000000000000001
2026-07,PyPiPackaging,windows,"Test (Windows_Python311, 3.11, windows-2022, python3)",6,5.333333333333334,8,0.0,0.176,0.08
2026-07,PyPiPackaging,windows,"Test (Windows_Python312, 3.12, windows-2022, python3)",6,6.216666666666667,9,0.0,0.19799999999999995,0.09000000000000001
2026-07,PyPiPackaging,windows,"Test (Windows_Python313, 3.13.5, windows-2022, python3)",6,10.633333333333333,14,0.0,0.308,0.14
2026-07,PyPiPackaging,windows,"Test (Windows_Python314, 3.14.3, windows-2022, python3)",6,9.700000000000001,12,0.0,0.26399999999999996,0.12000000000000001
2026-07,PyPiPackaging,windows,"Test (Windows_Python39, 3.9, windows-2022, python3)",6,10.350000000000001,13,0.0,0.286,0.13
2026-07,PyPiPackaging,windows,"Windows (3.10, cp310)",6,263.93333333333334,268,0.0,5.896,2.6799999999999997
2026-07,PyPiPackaging,windows,"Windows (3.11, cp311)",6,264.51666666666665,268,0.0,5.896,2.68
2026-07,PyPiPackaging,windows,"Windows (3.12, cp312)",6,271.6,273,0.0,6.006000000000001,2.7300000000000004
2026-07,PyPiPackaging,windows,"Windows (3.13.5, cp313)",6,253.51666666666668,255,0.0,5.609999999999999,2.55
2026-07,PyPiPackaging,windows,"Windows (3.14.3, cp314)",6,268.6166666666667,270,0.0,5.94,2.6999999999999997
2026-07,PyPiPackaging,windows,"Windows (3.9, cp39)",6,247.21666666666667,250,0.0,5.5,2.5
2026-08,BuildUSD,linux,linux,41,2561.433333333334,2581,0.0,30.972,15.486
2026-08,BuildUSD,linux,validation,43,25.599999999999998,47,0.0,0.5640000000000004,0.2820000000000002
2026-08,BuildUSD,linux,wasm32,41,2241.6499999999996,2266,0.0,27.192,13.596
2026-08,BuildUSD,linux,wasm64,41,2332.616666666667,2352,0.0,28.223999999999997,14.111999999999998
2026-08,BuildUSD,linux_gpu,linux_gpu,4,29.916666666666668,32,1.664,1.664,1.664
2026-08,BuildUSD,macos,macos,41,2067.266666666667,2089,0.0,129.518,129.518
2026-08,BuildUSD,windows,windows,41,1008.5666666666664,1032,0.0,22.704000000000008,10.319999999999995
2026-08,Graph Update: pip in /build_scripts/pypi/package_files #1540725403,linux,update-pip-graph,1,1.5333333333333334,2,0.0,0.024,0.012
2026-08,PyPiPackaging,linux,CollectPackages,4,1.6166666666666667,4,0.0,0.048,0.024
2026-08,PyPiPackaging,linux,"Linux (cp310, /opt/python/cp310-cp310/bin/python, 3.10)",2,52.63333333333333,54,0.0,0.648,0.324
2026-08,PyPiPackaging,linux,"Linux (cp311, /opt/python/cp311-cp311/bin/python, 3.11)",4,135.2,137,0.0,1.644,0.822
2026-08,PyPiPackaging,linux,"Linux (cp312, /opt/python/cp312-cp312/bin/python, 3.12)",4,118.05,119,0.0,1.428,0.714
2026-08,PyPiPackaging,linux,"Linux (cp313, /opt/python/cp313-cp313/bin/python, 3.13.5)",4,128.18333333333334,130,0.0,1.5600000000000003,0.7800000000000001
2026-08,PyPiPackaging,linux,"Linux (cp314, /opt/python/cp314-cp314/bin/python, 3.14.3)",4,117.86666666666666,120,0.0,1.44,0.72
2026-08,PyPiPackaging,linux,"Linux (cp39, /opt/python/cp39-cp39/bin/python, 3.9)",2,58.11666666666667,59,0.0,0.708,0.354
2026-08,PyPiPackaging,linux,"Test (Linux_Python310, 3.10, ubuntu-22.04, python3)",2,1.0,2,0.0,0.024,0.012
2026-08,PyPiPackaging,linux,"Test (Linux_Python311, 3.11, ubuntu-22.04, python3)",4,2.45,4,0.0,0.048,0.024
2026-08,PyPiPackaging,linux,"Test (Linux_Python312, 3.12, ubuntu-22.04, python3)",4,1.9833333333333336,4,0.0,0.048,0.024
2026-08,PyPiPackaging,linux,"Test (Linux_Python313, 3.13.5, ubuntu-22.04, python3)",4,2.716666666666667,4,0.0,0.048,0.024
2026-08,PyPiPackaging,linux,"Test (Linux_Python314, 3.14.3, ubuntu-22.04, python3)",4,2.7333333333333334,4,0.0,0.048,0.024
2026-08,PyPiPackaging,linux,"Test (Linux_Python39, 3.9, ubuntu-22.04, python3)",2,1.1333333333333333,2,0.0,0.024,0.012
2026-08,PyPiPackaging,macos,"Test (Mac_Python310, 3.10, macos-15, python3)",2,2.4,3,0.0,0.186,0.186
2026-08,PyPiPackaging,macos,"Test (Mac_Python311, 3.11, macos-15, python3)",4,3.0833333333333335,4,0.0,0.248,0.248
2026-08,PyPiPackaging,macos,"Test (Mac_Python312, 3.12, macos-15, python3)",4,3.15,5,0.0,0.31,0.31
2026-08,PyPiPackaging,macos,"Test (Mac_Python313, 3.13.5, macos-15, python3)",4,5.483333333333333,7,0.0,0.434,0.434
2026-08,PyPiPackaging,macos,"Test (Mac_Python314, 3.14.3, macos-15, python3)",4,6.383333333333334,9,0.0,0.558,0.558
2026-08,PyPiPackaging,macos,"Test (Mac_Python39, 3.9, macos-15, python3)",2,2.283333333333333,3,0.0,0.186,0.186
2026-08,PyPiPackaging,macos,"macOS (3.10, python3.10, cp310)",2,82.43333333333334,84,0.0,5.208,5.208
2026-08,PyPiPackaging,macos,"macOS (3.11, python3.11, cp311)",4,164.79999999999998,167,0.0,10.354,10.354
2026-08,PyPiPackaging,macos,"macOS (3.12, python3.12, cp312)",4,172.23333333333332,175,0.0,10.85,10.85
2026-08,PyPiPackaging,macos,"macOS (3.13.5, python3.13, cp313)",4,163.0,166,0.0,10.292,10.292
2026-08,PyPiPackaging,macos,"macOS (3.14.3, python3.14, cp314)",4,168.88333333333333,171,0.0,10.602,10.602
2026-08,PyPiPackaging,macos,"macOS (3.9, python3.9, cp39)",2,77.08333333333334,78,0.0,4.836,4.836
2026-08,PyPiPackaging,windows,"Test (Windows_Python310, 3.10, windows-2022, python3)",2,1.4,2,0.0,0.044,0.02
2026-08,PyPiPackaging,windows,"Test (Windows_Python311, 3.11, windows-2022, python3)",4,4.050000000000001,5,0.0,0.11,0.05
2026-08,PyPiPackaging,windows,"Test (Windows_Python312, 3.12, windows-2022, python3)",4,3.45,5,0.0,0.11,0.05
2026-08,PyPiPackaging,windows,"Test (Windows_Python313, 3.13.5, windows-2022, python3)",4,7.083333333333334,9,0.0,0.198,0.09000000000000001
2026-08,PyPiPackaging,windows,"Test (Windows_Python314, 3.14.3, windows-2022, python3)",4,7.766666666666667,10,0.0,0.22,0.1
2026-08,PyPiPackaging,windows,"Test (Windows_Python39, 3.9, windows-2022, python3)",2,3.383333333333333,5,0.0,0.11,0.05
2026-08,PyPiPackaging,windows,"Windows (3.10, cp310)",2,64.25,65,0.0,1.4299999999999997,0.65
2026-08,PyPiPackaging,windows,"Windows (3.11, cp311)",4,155.81666666666666,158,0.0,3.476,1.58
2026-08,PyPiPackaging,windows,"Windows (3.12, cp312)",4,155.64999999999998,158,0.0,3.476,1.58
2026-08,PyPiPackaging,windows,"Windows (3.13.5, cp313)",4,160.38333333333333,162,0.0,3.5639999999999996,1.62
2026-08,PyPiPackaging,windows,"Windows (3.14.3, cp314)",4,152.45,154,0.0,3.388,1.54
2026-08,PyPiPackaging,windows,"Windows (3.9, cp39)",2,80.35,81,0.0,1.7819999999999998,0.81
2026-09,BuildUSD,linux,linux,72,4646.416666666667,4680,0.0,56.15999999999999,28.079999999999995
2026-09,BuildUSD,linux,validation,73,38.83333333333333,76,0.0,0.9120000000000006,0.4560000000000003
2026-09,BuildUSD,linux,wasm32,72,3981.0999999999985,4016,0.0,48.192,24.096
2026-09,BuildUSD,linux,wasm64,72,4032.9500000000003,4069,0.0,48.828,24.414
2026-09,BuildUSD,linux_gpu,linux_gpu,3,22.383333333333333,24,1.248,1.248,1.248
2026-09,BuildUSD,macos,macos,72,4270.599999999999,4309,0.0,267.158,267.158
2026-09,BuildUSD,windows,windows,73,2661.9166666666674,2697,0.0,59.33399999999999,26.970000000000006
2026-09,PyPiPackaging,linux,CollectPackages,9,2.9166666666666665,9,0.0,0.10799999999999998,0.05399999999999999
2026-09,PyPiPackaging,linux,"Linux (cp311, /opt/python/cp311-cp311/bin/python, 3.11)",1,33.2,34,0.0,0.40800000000000003,0.20400000000000001
2026-09,PyPiPackaging,linux,"Linux (cp312, /opt/python/cp312-cp312/bin/python, 3.12)",1,34.916666666666664,35,0.0,0.42,0.21
2026-09,PyPiPackaging,linux,"Linux (cp313, /opt/python/cp313-cp313/bin/python, 3.13.5)",1,27.983333333333334,28,0.0,0.336,0.168
2026-09,PyPiPackaging,linux,"Linux (cp314, /opt/python/cp314-cp314/bin/python, 3.14.3)",1,30.25,31,0.0,0.372,0.186
2026-09,PyPiPackaging,linux,"Linux (x86_64, ubuntu-22.04, cp311, /opt/python/cp311-cp311/bin/python, 3.11)",8,250.91666666666669,254,0.0,3.0479999999999996,1.5239999999999998
2026-09,PyPiPackaging,linux,"Linux (x86_64, ubuntu-22.04, cp312, /opt/python/cp312-cp312/bin/python, 3.12)",8,246.66666666666669,250,0.0,3.0,1.5
2026-09,PyPiPackaging,linux,"Linux (x86_64, ubuntu-22.04, cp313, /opt/python/cp313-cp313/bin/python, 3.13.5)",8,271.81666666666666,275,0.0,3.3,1.65
2026-09,PyPiPackaging,linux,"Linux (x86_64, ubuntu-22.04, cp314, /opt/python/cp314-cp314/bin/python, 3.14.3)",8,249.4,252,0.0,3.024,1.512
2026-09,PyPiPackaging,linux,"Test (Linux_Python311, 3.11, ubuntu-22.04, python3)",7,5.833333333333333,9,0.0,0.10799999999999998,0.05399999999999999
2026-09,PyPiPackaging,linux,"Test (Linux_Python312, 3.12, ubuntu-22.04, python3)",7,4.633333333333334,8,0.0,0.096,0.048
2026-09,PyPiPackaging,linux,"Test (Linux_Python313, 3.13.5, ubuntu-22.04, python3)",7,4.783333333333333,7,0.0,0.08399999999999999,0.041999999999999996
2026-09,PyPiPackaging,linux,"Test (Linux_Python314, 3.14.3, ubuntu-22.04, python3)",7,4.833333333333333,7,0.0,0.08399999999999999,0.041999999999999996
2026-09,PyPiPackaging,linux_arm,"Linux (aarch64, ubuntu-22.04-arm, cp311, /opt/python/cp311-cp311/bin/python, 3.11)",8,178.4666666666667,183,0.0,1.4639999999999997,0.915
2026-09,PyPiPackaging,linux_arm,"Linux (aarch64, ubuntu-22.04-arm, cp312, /opt/python/cp312-cp312/bin/python, 3.12)",8,179.61666666666667,183,0.0,1.4639999999999997,0.9149999999999999
2026-09,PyPiPackaging,linux_arm,"Linux (aarch64, ubuntu-22.04-arm, cp313, /opt/python/cp313-cp313/bin/python, 3.13.5)",8,179.7833333333333,183,0.0,1.4639999999999997,0.915
2026-09,PyPiPackaging,linux_arm,"Linux (aarch64, ubuntu-22.04-arm, cp314, /opt/python/cp314-cp314/bin/python, 3.14.3)",8,181.89999999999998,186,0.0,1.4879999999999998,0.93
2026-09,PyPiPackaging,linux_arm,"Test (Linux_aarch64_Python311, 3.11, ubuntu-22.04-arm, python3)",6,3.533333333333333,6,0.0,0.048,0.030000000000000002
2026-09,PyPiPackaging,linux_arm,"Test (Linux_aarch64_Python312, 3.12, ubuntu-22.04-arm, python3)",6,3.4333333333333327,6,0.0,0.048,0.030000000000000002
2026-09,PyPiPackaging,linux_arm,"Test (Linux_aarch64_Python313, 3.13.5, ubuntu-22.04-arm, python3)",6,3.05,6,0.0,0.048,0.030000000000000002
2026-09,PyPiPackaging,linux_arm,"Test (Linux_aarch64_Python314, 3.14.3, ubuntu-22.04-arm, python3)",6,4.05,6,0.0,0.048,0.030000000000000002
2026-09,PyPiPackaging,macos,"Test (Mac_Python311, 3.11, macos-15, python3)",7,5.050000000000001,7,0.0,0.434,0.434
2026-09,PyPiPackaging,macos,"Test (Mac_Python312, 3.12, macos-15, python3)",7,4.35,7,0.0,0.434,0.434
2026-09,PyPiPackaging,macos,"Test (Mac_Python313, 3.13.5, macos-15, python3)",7,7.816666666666666,11,0.0,0.682,0.682
2026-09,PyPiPackaging,macos,"Test (Mac_Python314, 3.14.3, macos-15, python3)",7,7.183333333333333,11,0.0,0.682,0.682
2026-09,PyPiPackaging,macos,"macOS (3.11, python3.11, cp311)",8,398.6333333333334,403,0.0,24.986000000000004,24.986000000000004
2026-09,PyPiPackaging,macos,"macOS (3.12, python3.12, cp312)",8,388.15000000000003,392,0.0,24.304000000000002,24.304000000000002
2026-09,PyPiPackaging,macos,"macOS (3.13.5, python3.13, cp313)",8,363.3833333333333,367,0.0,22.754,22.754
2026-09,PyPiPackaging,macos,"macOS (3.14.3, python3.14, cp314)",8,388.53333333333336,392,0.0,24.304,24.304
2026-09,PyPiPackaging,windows,"Test (Windows_Python311, 3.11, windows-2022, python3)",7,4.983333333333333,7,0.0,0.15399999999999997,0.07
2026-09,PyPiPackaging,windows,"Test (Windows_Python312, 3.12, windows-2022, python3)",7,6.283333333333333,9,0.0,0.19799999999999998,0.09
2026-09,PyPiPackaging,windows,"Test (Windows_Python313, 3.13.5, windows-2022, python3)",7,11.666666666666668,15,0.0,0.32999999999999996,0.15
2026-09,PyPiPackaging,windows,"Test (Windows_Python314, 3.14.3, windows-2022, python3)",7,9.916666666666666,14,0.0,0.30799999999999994,0.14
2026-09,PyPiPackaging,windows,"Windows (3.11, cp311)",8,314.8833333333333,319,0.0,7.018,3.19
2026-09,PyPiPackaging,windows,"Windows (3.12, cp312)",8,291.7666666666667,296,0.0,6.512,2.96
2026-09,PyPiPackaging,windows,"Windows (3.13.5, cp313)",8,332.43333333333334,337,0.0,7.414,3.37
2026-09,PyPiPackaging,windows,"Windows (3.14.3, cp314)",8,293.2833333333333,296,0.0,6.512,2.96
2026-10,BuildUSD,linux,linux,2,146.6,148,0.0,1.7760000000000002,0.8880000000000001
2026-10,BuildUSD,linux,validation,2,1.0,2,0.0,0.024,0.012
2026-10,BuildUSD,linux,wasm32,2,89.31666666666666,90,0.0,1.08,0.54
2026-10,BuildUSD,linux,wasm64,2,115.56666666666666,116,0.0,1.392,0.696
2026-10,BuildUSD,macos,macos,2,137.45,138,0.0,8.556000000000001,8.556000000000001
2026-10,BuildUSD,windows,windows,2,104.0,105,0.0,2.31,1.05
