month,platform,metric,n,p10,p50,p90,mean,partial_boundary_month
2025-07,linux,job_minutes,3,55.54,56.36666666666667,56.446666666666665,56.05555555555556,True
2025-08,linux,job_minutes,26,55.19166666666666,58.96666666666667,60.15,58.261538461538464,False
2025-09,linux,job_minutes,28,58.474999999999994,60.11666666666667,61.001666666666665,60.08273809523809,False
2025-10,linux,job_minutes,36,55.675,56.75833333333333,59.15,57.18518518518518,False
2025-11,linux,job_minutes,10,54.585,57.36666666666667,59.095,57.18666666666667,False
2025-12,linux,job_minutes,30,54.435,55.025,56.29666666666667,55.25833333333333,False
2026-01,linux,job_minutes,17,54.376666666666665,55.86666666666667,56.71666666666667,55.51862745098039,False
2026-02,linux,job_minutes,24,54.48,56.84166666666667,58.473333333333336,56.609027777777776,False
2026-03,linux,job_minutes,31,56.56666666666667,58.1,60.05,58.73817204301075,False
2026-04,linux,job_minutes,34,57.61833333333334,59.766666666666666,67.365,60.61078431372549,False
2026-05,linux,job_minutes,22,48.89,60.625,63.446666666666665,58.20757575757576,False
2026-06,linux,job_minutes,31,60.85,63.2,65.88333333333334,63.222043010752685,False
2026-07,linux,job_minutes,45,53.61,65.13333333333334,68.04666666666667,63.79888888888889,False
2026-08,linux,job_minutes,39,50.39333333333333,69.43333333333334,73.48666666666666,64.97264957264957,False
2026-09,linux,job_minutes,65,49.28,73.16666666666667,78.74333333333334,68.18128205128205,False
2026-10,linux,job_minutes,1,78.56666666666666,78.56666666666666,78.56666666666666,78.56666666666666,True
2025-07,linux,build_step_minutes,0,,,,,True
2025-08,linux,build_step_minutes,0,,,,,False
2025-09,linux,build_step_minutes,0,,,,,False
2025-10,linux,build_step_minutes,0,,,,,False
2025-11,linux,build_step_minutes,0,,,,,False
2025-12,linux,build_step_minutes,0,,,,,False
2026-01,linux,build_step_minutes,0,,,,,False
2026-02,linux,build_step_minutes,0,,,,,False
2026-03,linux,build_step_minutes,0,,,,,False
2026-04,linux,build_step_minutes,11,48.86666666666667,55.833333333333336,63.2,56.06060606060606,False
2026-05,linux,build_step_minutes,22,44.77166666666667,55.90833333333333,58.36333333333334,53.481818181818184,False
2026-06,linux,build_step_minutes,31,56.166666666666664,58.7,61.18333333333333,58.54354838709678,False
2026-07,linux,build_step_minutes,45,48.82,60.38333333333333,63.196666666666665,58.91814814814815,False
2026-08,linux,build_step_minutes,39,46.06,64.68333333333334,68.56,60.19102564102564,False
2026-09,linux,build_step_minutes,65,45.646666666666675,68.5,74.03,63.81666666666667,False
2026-10,linux,build_step_minutes,1,74.06666666666666,74.06666666666666,74.06666666666666,74.06666666666666,True
2025-07,windows,job_minutes,3,72.81333333333333,73.73333333333333,74.30666666666667,73.58888888888889,True
2025-08,windows,job_minutes,24,72.99166666666666,81.04166666666666,82.81,79.90277777777777,False
2025-09,windows,job_minutes,26,81.61666666666667,82.79166666666666,84.19166666666666,82.73397435897436,False
2025-10,windows,job_minutes,35,76.11666666666666,79.9,82.59333333333333,79.80333333333333,False
2025-11,windows,job_minutes,10,79.955,81.61666666666667,88.75,83.54833333333333,False
2025-12,windows,job_minutes,27,84.18666666666667,88.06666666666666,89.42,87.64938271604939,False
2026-01,windows,job_minutes,17,82.95333333333333,88.91666666666667,90.64333333333333,87.79509803921569,False
2026-02,windows,job_minutes,22,86.08333333333333,92.07499999999999,92.88666666666667,91.39696969696969,False
2026-03,windows,job_minutes,27,88.03999999999999,93.35,95.04666666666667,92.69506172839506,False
2026-04,windows,job_minutes,8,143.45499999999998,160.19166666666666,161.88,154.38333333333333,False
2026-05,windows,job_minutes,20,124.765,159.45833333333331,164.36,152.55166666666668,False
2026-06,windows,job_minutes,19,7.93,8.666666666666666,166.64666666666665,58.61666666666667,False
2026-07,windows,job_minutes,36,8.658333333333333,9.3,159.28333333333333,37.111111111111114,False
2026-08,windows,job_minutes,35,8.396666666666667,9.533333333333333,76.65333333333336,25.063809523809525,False
2026-09,windows,job_minutes,64,8.426666666666666,10.308333333333334,97.40333333333334,36.65442708333333,False
2026-10,windows,job_minutes,2,16.706666666666667,51.99999999999999,87.29333333333334,52.0,True
2025-07,windows,build_step_minutes,0,,,,,True
2025-08,windows,build_step_minutes,0,,,,,False
2025-09,windows,build_step_minutes,0,,,,,False
2025-10,windows,build_step_minutes,0,,,,,False
2025-11,windows,build_step_minutes,0,,,,,False
2025-12,windows,build_step_minutes,0,,,,,False
2026-01,windows,build_step_minutes,0,,,,,False
2026-02,windows,build_step_minutes,0,,,,,False
2026-03,windows,build_step_minutes,0,,,,,False
2026-04,windows,build_step_minutes,8,138.55333333333334,155.25,156.58833333333334,149.40208333333334,False
2026-05,windows,build_step_minutes,20,119.82333333333334,154.73333333333335,159.26,147.87916666666666,False
2026-06,windows,build_step_minutes,19,3.0233333333333334,3.5833333333333335,161.52,53.52105263157895,False
2026-07,windows,build_step_minutes,36,2.916666666666667,3.216666666666667,154.02499999999998,31.332870370370372,False
2026-08,windows,build_step_minutes,35,2.8233333333333337,3.4,70.47000000000003,18.991904761904763,False
2026-09,windows,build_step_minutes,64,3.0416666666666665,5.358333333333333,92.41166666666668,31.20390625,False
2026-10,windows,build_step_minutes,2,11.983333333333334,46.983333333333334,81.98333333333333,46.983333333333334,True
2025-07,macos,job_minutes,2,38.333333333333336,38.400000000000006,38.46666666666667,38.400000000000006,True
2025-08,macos,job_minutes,24,40.43,58.16666666666667,72.55999999999999,57.49027777777778,False
2025-09,macos,job_minutes,23,45.27666666666667,57.233333333333334,64.15,58.368115942028986,False
2025-10,macos,job_minutes,35,48.42666666666667,59.46666666666667,69.39666666666666,58.415238095238095,False
2025-11,macos,job_minutes,10,43.843333333333334,61.06666666666667,66.83833333333332,58.83833333333334,False
2025-12,macos,job_minutes,26,45.36666666666667,60.891666666666666,71.475,58.72115384615385,False
2026-01,macos,job_minutes,17,52.53666666666667,62.35,76.01333333333334,62.85686274509804,False
2026-02,macos,job_minutes,23,45.16,61.75,77.92333333333333,63.33840579710145,False
2026-03,macos,job_minutes,17,41.42,47.016666666666666,59.89666666666666,48.431372549019606,False
2026-04,macos,job_minutes,30,45.666666666666664,60.525000000000006,68.91,58.778333333333336,False
2026-05,macos,job_minutes,20,47.333333333333336,56.49166666666667,70.215,58.1925,False
2026-06,macos,job_minutes,29,57.31666666666666,64.33333333333333,71.69666666666667,63.787356321839084,False
2026-07,macos,job_minutes,43,54.830000000000005,61.75,71.7,62.26007751937985,False
2026-08,macos,job_minutes,37,44.903333333333336,52.983333333333334,58.44,52.67882882882883,False
2026-09,macos,job_minutes,72,52.15833333333333,57.38333333333333,68.89166666666667,59.31388888888889,False
2026-10,macos,job_minutes,2,67.17166666666667,68.725,70.27833333333334,68.725,True
2025-07,macos,build_step_minutes,0,,,,,True
2025-08,macos,build_step_minutes,0,,,,,False
2025-09,macos,build_step_minutes,0,,,,,False
2025-10,macos,build_step_minutes,0,,,,,False
2025-11,macos,build_step_minutes,0,,,,,False
2025-12,macos,build_step_minutes,0,,,,,False
2026-01,macos,build_step_minutes,0,,,,,False
2026-02,macos,build_step_minutes,0,,,,,False
2026-03,macos,build_step_minutes,0,,,,,False
2026-04,macos,build_step_minutes,9,41.39333333333333,58.833333333333336,66.28,56.22777777777778,False
2026-05,macos,build_step_minutes,20,43.93333333333333,52.95,65.41,54.19416666666667,False
2026-06,macos,build_step_minutes,29,52.940000000000005,60.03333333333333,66.66666666666666,59.37528735632184,False
2026-07,macos,build_step_minutes,43,50.22,57.81666666666667,66.11,57.812790697674416,False
2026-08,macos,build_step_minutes,37,40.93,48.28333333333333,53.95666666666666,48.08873873873874,False
2026-09,macos,build_step_minutes,72,47.75833333333333,52.925,63.50333333333334,54.58541666666667,False
2026-10,macos,build_step_minutes,2,62.01333333333333,64.33333333333333,66.65333333333334,64.33333333333333,True
2025-07,wasm32,job_minutes,0,,,,,True
2025-08,wasm32,job_minutes,0,,,,,False
2025-09,wasm32,job_minutes,0,,,,,False
2025-10,wasm32,job_minutes,0,,,,,False
2025-11,wasm32,job_minutes,0,,,,,False
2025-12,wasm32,job_minutes,0,,,,,False
2026-01,wasm32,job_minutes,0,,,,,False
2026-02,wasm32,job_minutes,1,58.18333333333333,58.18333333333333,58.18333333333333,58.18333333333333,False
2026-03,wasm32,job_minutes,32,55.031666666666666,57.016666666666666,57.748333333333335,56.74635416666667,False
2026-04,wasm32,job_minutes,24,51.515,57.166666666666664,59.27333333333333,55.78125,False
2026-05,wasm32,job_minutes,14,51.778333333333336,54.58333333333333,57.475,54.27738095238095,False
2026-06,wasm32,job_minutes,4,45.99166666666667,56.375,59.60666666666667,53.82083333333333,False
2026-07,wasm32,job_minutes,46,53.958333333333336,59.891666666666666,64.35,59.35253623188406,False
2026-08,wasm32,job_minutes,41,44.35,56.56666666666667,60.016666666666666,54.67439024390244,False
2026-09,wasm32,job_minutes,72,41.663333333333334,58.858333333333334,64.13,55.293055555555554,False
2026-10,wasm32,job_minutes,2,44.625,44.65833333333333,44.69166666666667,44.65833333333333,True
2025-07,wasm32,build_step_minutes,0,,,,,True
2025-08,wasm32,build_step_minutes,0,,,,,False
2025-09,wasm32,build_step_minutes,0,,,,,False
2025-10,wasm32,build_step_minutes,0,,,,,False
2025-11,wasm32,build_step_minutes,0,,,,,False
2025-12,wasm32,build_step_minutes,0,,,,,False
2026-01,wasm32,build_step_minutes,0,,,,,False
2026-02,wasm32,build_step_minutes,0,,,,,False
2026-03,wasm32,build_step_minutes,0,,,,,False
2026-04,wasm32,build_step_minutes,4,42.135,49.825,52.88333333333333,48.170833333333334,False
2026-05,wasm32,build_step_minutes,14,50.068333333333335,52.775,55.641666666666666,52.523809523809526,False
2026-06,wasm32,build_step_minutes,4,44.40166666666667,54.650000000000006,57.805,52.11666666666667,False
2026-07,wasm32,build_step_minutes,46,52.175,58.141666666666666,62.525,57.595652173913045,False
2026-08,wasm32,build_step_minutes,41,42.71666666666667,54.766666666666666,58.15,52.81260162601626,False
2026-09,wasm32,build_step_minutes,72,39.94666666666667,56.99166666666667,62.153333333333336,53.49930555555556,False
2026-10,wasm32,build_step_minutes,2,43.068333333333335,43.075,43.08166666666667,43.075,True
2025-07,wasm64,job_minutes,0,,,,,True
2025-08,wasm64,job_minutes,0,,,,,False
2025-09,wasm64,job_minutes,0,,,,,False
2025-10,wasm64,job_minutes,0,,,,,False
2025-11,wasm64,job_minutes,0,,,,,False
2025-12,wasm64,job_minutes,0,,,,,False
2026-01,wasm64,job_minutes,0,,,,,False
2026-02,wasm64,job_minutes,2,22.136666666666667,37.68333333333334,53.230000000000004,37.68333333333334,False
2026-03,wasm64,job_minutes,32,55.906666666666666,57.1,58.50666666666667,57.063541666666666,False
2026-04,wasm64,job_minutes,24,53.52,57.49166666666667,60.294999999999995,57.266666666666666,False
2026-05,wasm64,job_minutes,14,51.528333333333336,54.81666666666666,56.626666666666665,54.52023809523809,False
2026-06,wasm64,job_minutes,4,53.343333333333334,57.125,60.88333333333333,57.11666666666667,False
2026-07,wasm64,job_minutes,46,53.375,60.59166666666667,66.93333333333334,60.77427536231884,False
2026-08,wasm64,job_minutes,41,50.03333333333333,59.016666666666666,61.65,56.89308943089431,False
2026-09,wasm64,job_minutes,72,43.248333333333335,60.099999999999994,63.535,56.013194444444444,False
2026-10,wasm64,job_minutes,2,56.99666666666666,57.78333333333333,58.57,57.78333333333333,True
2025-07,wasm64,build_step_minutes,0,,,,,True
2025-08,wasm64,build_step_minutes,0,,,,,False
2025-09,wasm64,build_step_minutes,0,,,,,False
2025-10,wasm64,build_step_minutes,0,,,,,False
2025-11,wasm64,build_step_minutes,0,,,,,False
2025-12,wasm64,build_step_minutes,0,,,,,False
2026-01,wasm64,build_step_minutes,0,,,,,False
2026-02,wasm64,build_step_minutes,0,,,,,False
2026-03,wasm64,build_step_minutes,0,,,,,False
2026-04,wasm64,build_step_minutes,4,50.51166666666666,51.86666666666667,53.455,51.95,False
2026-05,wasm64,build_step_minutes,14,49.81333333333333,53.0,54.81666666666667,52.74285714285714,False
2026-06,wasm64,build_step_minutes,4,51.59833333333333,55.41666666666667,59.095000000000006,55.36666666666667,False
2026-07,wasm64,build_step_minutes,46,51.61666666666667,58.766666666666666,65.08333333333333,58.96521739130435,False
2026-08,wasm64,build_step_minutes,41,48.06666666666667,56.96666666666667,59.7,54.94268292682927,False
2026-09,wasm64,build_step_minutes,72,41.62833333333333,58.24166666666667,61.68166666666667,54.209722222222226,False
2026-10,wasm64,build_step_minutes,2,55.056666666666665,55.81666666666666,56.57666666666667,55.81666666666666,True
