release_cycle,low_events_including_reruns,low_events_including_reruns_per_release,mid_events_including_reruns,mid_events_including_reruns_per_release,high_events_including_reruns,high_events_including_reruns_per_release
1,62.8,188.3,65.7,197.1,71.5,214.6
2,65.7,197.1,71.5,214.6,83.3,249.8
3,68.6,205.9,77.4,232.2,95.0,284.9
4,71.5,214.6,83.3,249.8,106.7,320.0
5,74.5,223.4,89.1,267.3,118.4,355.2
6,77.4,232.2,95.0,284.9,130.1,390.3
7,80.3,241.0,100.8,302.5,141.8,425.4
8,83.3,249.8,106.7,320.0,153.5,460.6
9,86.2,258.6,112.5,337.6,165.2,495.7
10,89.1,267.3,118.4,355.2,176.9,530.8
11,92.0,276.1,124.2,372.7,188.7,566.0
12,95.0,284.9,130.1,390.3,200.4,601.1
13,97.9,293.7,136.0,407.9,212.1,636.2
14,100.8,302.5,141.8,425.4,223.8,671.3
15,103.8,311.3,147.7,443.0,235.5,706.5
16,106.7,320.0,153.5,460.6,247.2,741.6
17,109.6,328.8,159.4,478.1,258.9,776.7
18,112.5,337.6,165.2,495.7,270.6,811.9
19,115.5,346.4,171.1,513.3,282.3,847.0
20,118.4,355.2,176.9,530.8,294.0,882.1
